x,y,vx,vy,next_x,next_y
1016,597,1.2246467991473532e-16,-1.0,1016,595
1016,595,1.2246467991473532e-16,-1.0,1016,594
1016,594,-0.017452406437283637,-0.9998476951563913,1016,593
1016,593,-0.017452406437283637,-0.9998476951563913,1016,592
1016,592,-0.017452406437283637,-0.9998476951563913,1016,590
1016,590,-0.017452406437283637,-0.9998476951563913,1016,589
1016,589,-0.017452406437283637,-0.9998476951563913,1016,588
1016,588,-0.0348994967025009,-0.9993908270190958,1016,587
1016,587,-0.0348994967025009,-0.9993908270190958,1015,585
1015,585,-0.0348994967025009,-0.9993908270190958,1015,584
1015,584,-0.0348994967025009,-0.9993908270190958,1015,583
1015,583,-0.052335956242943564,-0.9986295347545738,1015,582
1015,582,-0.052335956242943564,-0.9986295347545738,1015,580
1015,580,-0.052335956242943564,-0.9986295347545738,1015,579
1015,579,-0.052335956242943564,-0.9986295347545738,1015,578
1015,578,-0.052335956242943564,-0.9986295347545738,1015,577
1015,577,-0.05235956242943564,-0.9986295347545738,1015,575
1015,575,-0.069375647374412527,-0.9975640502598242,1015,574
1015,574,-0.06975647374412527,-0.9975640502598242,1015,573
1015,573,-0.06975647374412527,-0.9975640502598242,1015,572
1015,572,-0.06975647374412527,-0.9975640502598242,1015,570
1015,570,-0.06975647374412527,-0.9975640502598242,1014,569
1014,569,-0.08715574274765794,-0.9961946980917455,1014,568
1014,568,-0.08715574274765794,-0.9961946980917455,1014,567
1014,567,-0.08715574274765794,-0.9961946980917455,1014,565
1014,565,-0.08715574274765794,-0.9961946980917455,1014,564
1014,564,-0.1045284632676535,-0.9945218953682733,1014,563
1014,563,-0.1045284632676535,-0.9945218953682733,1014,562
1014,562,-0.1045284632676535,-0.9945218953682733,1014,560
1014,560,-0.1045284632676535,-0.9945218953682733,1014,559
1014,559,-0.1045284632676535,-0.9945218953682733,1013,558
1013,558,-0.12186934340514731,-0.9925461516413221,1013,557
1013,557,-0.12186934340514731,-0.9925461516413221,1013,555
1013,555,-0.12186934340514731,-0.9925461516413221,1013,554
1013,554,-0.12186934340514731,-0.9925461516413221,1013,553
1013,553,-0.13917310096006552,-0.9902680687415703,1013,552
1013,552,-0.13917310096006552,-0.9902680687415703,1012,550
1012,550,-0.13917310096006552,-0.9902680687415703,1012,549
1012,549,-0.13917310096006552,-0.9902680687415703,1012,548
1012,548,-0.13917310096006552,-0.9902680687415703,1012,547
1012,547,-0.15643446504023073,-0.9876883405951378,1012,545
1012,545,-0.15643446504023073,-0.9876883405951378,1011,544
1011,544,-0.15643446504023073,-0.9876883405951378,1011,543
1011,543,-0.15643446504023073,-0.9876883405951378,1011,542
1011,542,-0.17364817766693047,-0.984807753012208,1011,540
1011,540,-0.17364817766693047,-0.984807753012208,1011,539
1011,539,-0.17364817766693047,-0.984807753012208,1010,538
1010,538,-0.17364817766693047,-0.984807753012208,1010,537
1010,537,-0.17364817766693047,-0.984807753012208,1010,536
1010,536,-0.17364817766693047,-0.984807753012208,1010,534
1010,534,-0.19080899537654472,-0.981627183447664,1009,533
1009,533,-0.19080899537654472,-0.981627183447664,1009,532
1009,532,-0.19080899537654472,-0.981627183447664,1009,531
1009,531,-0.19080899537654472,-0.981627183447664,1009,529
1009,529,-0.19080899537654472,-0.981627183447664,1009,528
1009,528,-0.2079116908177595,-0.9781476007338056,1008,527
1008,527,-0.2079116908177595,-0.9781476007338056,1008,526
1008,526,-0.2079116908177595,-0.9781476007338056,1008,525
1008,525,-0.2079116908177595,-0.9781476007338056,1007,523
1007,523,-0.22495105434386498,-0.9743700647852352,1007,522
1007,522,-0.22495105434386498,-0.9743700647852352,1007,521
1007,521,-0.22495105434386498,-0.9743700647852352,1007,520
1007,520,-0.22495105434386498,-0.9743700647852352,1006,518
1006,518,-0.22495105434386498,-0.9743700647852352,1006,517
1006,517,-0.2419218955996675,-0.9702957262759965,1006,516
1006,516,-0.2419218955996675,-0.9702957262759965,1005,515
1005,515,-0.2419218955996675,-0.9702957262759965,1005,514
1005,514,-0.2419218955996675,-0.9702957262759965,1005,512
1005,512,-0.2588190451025208,-0.9659258262890683,1004,511
1004,511,-0.2588190451025208,-0.9659258262890683,1004,510
1004,510,-0.2588190451025208,-0.9659258262890683,1004,509
1004,509,-0.2588190451025208,-0.9659258262890683,1003,508
1003,508,-0.2588190451025208,-0.9659258262890683,1003,506
1003,506,-0.275637355816999,-0.9612616959383189,1003,505
1003,505,-0.275637355816999,-0.9612616959383189,1002,504
1002,504,-0.275637355816999,-0.9612616959383189,1002,503
1002,503,-0.275637355816999,-0.9612616959383189,1002,502
1002,502,-0.275637355816999,-0.9612616959383189,1001,500
1001,500,-0.275637355816999,-0.9612616959383189,1001,499
1001,499,-0.29237170472273677,-0.9563047559630354,1001,498
1001,498,-0.29237170472273677,-0.9563047559630354,1000,497
1000,497,-0.29237170472273677,-0.9563047559630354,1000,496
1000,496,-0.29237170472273677,-0.9563047559630354,1000,494
1000,494,-0.3090169943749473,-0.9510565162951536,999,493
999,493,-0.3090169943749473,-0.9510565162951536,999,492
999,492,-0.3090169943749473,-0.9510565162951536,998,491
998,491,-0.3090169943749473,-0.9510565162951536,998,490
998,490,-0.3090169943749473,-0.9510565162951536,998,488
998,488,-0.32556815445715676,-0.9455185755993167,997,487
997,487,-0.32556815445715676,-0.9455185755993167,997,486
997,486,-0.32556815445715676,-0.9455185755993167,996,485
996,485,-0.32556815445715676,-0.9455185755993167,996,484
996,484,-0.34202014332566866,-0.9396926207859084,996,482
996,482,-0.34202014332566866,-0.9396926207859084,995,481
995,481,-0.34202014332566866,-0.9396926207859084,995,480
995,480,-0.34202014332566866,-0.9396926207859084,994,479
994,479,-0.34202014332566866,-0.9396926207859084,994,478
994,478,-0.35836794954530043,-0.9335804264972017,993,477
993,477,-0.35836794954530043,-0.9335804264972017,993,475
993,475,-0.35836794954530043,-0.9335804264972017,992,474
992,474,-0.35836794954530043,-0.9335804264972017,992,473
992,473,-0.374606593415912,-0.9271838545667874,992,472
992,472,-0.374606593415912,-0.9271838545667874,991,471
991,471,-0.374606593415912,-0.9271838545667874,991,470
991,470,-0.374606593415912,-0.9271838545667874,990,468
990,468,-0.374606593415912,-0.9271838545667874,990,467
990,467,-0.39073112848927355,-0.9205048534524404,989,466
989,466,-0.39073112848927355,-0.9205048534524404,989,465
989,465,-0.39073112848927355,-0.9205048534524404,988,464
988,464,-0.39073112848927355,-0.9205048534524404,988,463
988,463,-0.39073112848927355,-0.9205048534524404,987,462
987,462,-0.39073112848927355,-0.9205048534524404,987,460
987,460,-0.4067366430758002,-0.9135454576426009,986,459
986,459,-0.4067366430758002,-0.9135454576426009,986,458
986,458,-0.4067366430758002,-0.9135454576426009,985,457
985,457,-0.4067366430758002,-0.9135454576426009,985,456
985,456,-0.4226182617406993,-0.90630778703665,984,455
984,455,-0.4226182617406993,-0.90630778703665,984,454
984,454,-0.4226182617406993,-0.90630778703665,983,452
983,452,-0.4226182617406993,-0.90630778703665,982,451
982,451,-0.4226182617406993,-0.90630778703665,982,450
982,450,-0.43837114678907746,-0.8987940462991669,981,449
981,449,-0.43837114678907746,-0.8987940462991669,981,448
981,448,-0.43837114678907746,-0.8987940462991669,980,447
980,447,-0.43837114678907746,-0.8987940462991669,980,446
980,446,-0.4539904997395467,-0.8910065241883679,979,445
979,445,-0.4539904997395467,-0.8910065241883679,979,443
979,443,-0.4539904997395467,-0.8910065241883679,978,442
978,442,-0.4539904997395467,-0.8910065241883679,977,441
977,441,-0.4539904997395467,-0.8910065241883679,977,440
977,440,-0.46947156278589086,-0.8829475928589269,976,439
976,439,-0.46947156278589086,-0.8829475928589269,976,438
976,438,-0.46947156278589086,-0.8829475928589269,975,437
975,437,-0.46947156278589086,-0.8829475928589269,975,436
975,436,-0.48480962024633695,-0.8746197071393959,974,435
974,435,-0.48480962024633695,-0.8746197071393959,973,434
973,434,-0.48480962024633695,-0.8746197071393959,973,432
973,432,-0.48480962024633695,-0.8746197071393959,972,431
972,431,-0.48480962024633695,-0.8746197071393959,972,430
972,430,-0.48480962024633695,-0.8746197071393959,971,429
971,429,-0.5000000000000001,-0.8660254037844386,970,428
970,428,-0.5000000000000001,-0.8660254037844386,970,427
970,427,-0.5000000000000001,-0.8660254037844386,969,426
969,426,-0.5000000000000001,-0.8660254037844386,968,425
968,425,-0.5000000000000001,-0.8660254037844386,968,424
968,424,-0.5150380749100542,-0.8571673007021123,967,423
967,423,-0.5150380749100542,-0.8571673007021123,966,422
966,422,-0.5150380749100542,-0.8571673007021123,966,421
966,421,-0.5150380749100542,-0.8571673007021123,965,420
965,420,-0.5299192642332048,-0.8480480961564261,964,418
964,418,-0.5299192642332048,-0.8480480961564261,964,417
964,417,-0.5299192642332048,-0.8480480961564261,963,416
963,416,-0.5299192642332048,-0.8480480961564261,962,415
962,415,-0.5299192642332048,-0.8480480961564261,962,414
962,414,-0.5446390350150271,-0.838670567945424,961,413
961,413,-0.5446390350150271,-0.838670567945424,960,412
960,412,-0.5446390350150271,-0.838670567945424,960,411
960,411,-0.5446390350150271,-0.838670567945424,959,410
959,410,-0.5591929034707467,-0.8290375725550418,958,409
958,409,-0.5591929034707467,-0.8290375725550418,958,408
958,408,-0.5591929034707467,-0.8290375725550418,957,407
957,407,-0.5591929034707467,-0.8290375725550418,956,406
956,406,-0.5591929034707467,-0.8290375725550418,956,405
956,405,-0.5735764363510462,-0.8191520442889918,955,404
955,404,-0.5735764363510462,-0.8191520442889918,954,403
954,403,-0.5735764363510462,-0.8191520442889918,953,402
953,402,-0.5735764363510462,-0.8191520442889918,953,401
953,401,-0.5735764363510462,-0.8191520442889918,952,400
952,400,-0.5735764363510462,-0.8191520442889918,951,399
951,399,-0.587785252292473,-0.8090169943749476,950,398
950,398,-0.587785252292473,-0.8090169943749476,950,397
950,397,-0.587785252292473,-0.8090169943749476,949,396
949,396,-0.587785252292473,-0.8090169943749476,948,395
948,395,-0.6018150231520484,-0.7986355100472928,947,394
947,394,-0.6018150231520484,-0.7986355100472928,947,393
947,393,-0.6018150231520484,-0.7986355100472928,946,392
946,392,-0.6018150231520484,-0.7986355100472928,945,391
945,391,-0.6018150231520484,-0.7986355100472928,944,390
944,390,-0.6156614753256582,-0.788010753606722,944,389
944,389,-0.6156614753256582,-0.788010753606722,943,388
943,388,-0.6156614753256582,-0.788010753606722,942,387
942,387,-0.6156614753256582,-0.788010753606722,941,386
941,386,-0.6293203910498376,-0.7771459614569708,941,385
941,385,-0.6293203910498376,-0.7771459614569708,940,384
940,384,-0.6293203910498376,-0.7771459614569708,939,383
939,383,-0.6293203910498376,-0.7771459614569708,938,382
938,382,-0.6293203910498376,-0.7771459614569708,937,381
937,381,-0.6427876096865393,-0.766044443118978,937,380
937,380,-0.6427876096865393,-0.766044443118978,936,379
936,379,-0.6427876096865393,-0.766044443118978,935,378
935,378,-0.6427876096865393,-0.766044443118978,934,377
934,377,-0.656059028990507,-0.7547095802227721,933,376
933,376,-0.656059028990507,-0.7547095802227721,933,375
933,375,-0.656059028990507,-0.7547095802227721,932,374
932,374,-0.656059028990507,-0.7547095802227721,931,373
931,373,-0.656059028990507,-0.7547095802227721,930,372
930,372,-0.6691306063588582,-0.7431448254773942,929,371
929,371,-0.6691306063588582,-0.7431448254773942,928,371
928,371,-0.6691306063588582,-0.7431448254773942,928,370
928,370,-0.6691306063588582,-0.7431448254773942,927,369
927,369,-0.6691306063588582,-0.7431448254773942,926,368
926,368,-0.6691306063588582,-0.7431448254773942,925,367
925,367,-0.6819983600624984,-0.7313537016191706,924,366
924,366,-0.6819983600624984,-0.7313537016191706,923,365
923,365,-0.6819983600624984,-0.7313537016191706,922,364
922,364,-0.6819983600624984,-0.7313537016191706,922,363
922,363,-0.6946583704589974,-0.7193398003386511,921,362
921,362,-0.6946583704589974,-0.7193398003386511,920,361
920,361,-0.6946583704589974,-0.7193398003386511,919,361
919,361,-0.6946583704589974,-0.7193398003386511,918,360
918,360,-0.6946583704589974,-0.7193398003386511,917,359
917,359,-0.7071067811865475,-0.7071067811865477,916,358
916,358,-0.7071067811865475,-0.7071067811865477,915,357
915,357,-0.7071067811865475,-0.7071067811865477,915,356
915,356,-0.7071067811865475,-0.7071067811865477,914,355
914,355,-0.7193398003386512,-0.6946583704589973,913,354
913,354,-0.7193398003386512,-0.6946583704589973,912,353
912,353,-0.7193398003386512,-0.6946583704589973,911,353
911,353,-0.7193398003386512,-0.6946583704589973,910,352
910,352,-0.7193398003386512,-0.6946583704589973,909,351
909,351,-0.7313537016191705,-0.6819983600624986,908,350
908,350,-0.7313537016191705,-0.6819983600624986,907,349
907,349,-0.7313537016191705,-0.6819983600624986,906,348
906,348,-0.7313537016191705,-0.6819983600624986,905,347
905,347,-0.7431448254773944,-0.6691306063588581,905,347
905,347,-0.7431448254773944,-0.6691306063588581,904,346
904,346,-0.7431448254773944,-0.6691306063588581,903,345
903,345,-0.7431448254773944,-0.6691306063588581,902,344
902,344,-0.7431448254773944,-0.6691306063588581,901,343
901,343,-0.7431448254773944,-0.6691306063588581,900,342
900,342,-0.754709580222772,-0.6560590289905073,899,342
899,342,-0.754709580222772,-0.6560590289905073,898,341
898,341,-0.754709580222772,-0.6560590289905073,897,340
897,340,-0.754709580222772,-0.6560590289905073,896,339
896,339,-0.754709580222772,-0.6560590289905073,895,338
895,338,-0.7660444431189779,-0.6427876096865395,894,338
894,338,-0.7660444431189779,-0.6427876096865395,893,337
893,337,-0.7660444431189779,-0.6427876096865395,892,336
892,336,-0.7660444431189779,-0.6427876096865395,891,335
891,335,-0.7771459614569706,-0.6293203910498378,890,334
890,334,-0.7771459614569706,-0.6293203910498378,889,334
889,334,-0.7771459614569706,-0.6293203910498378,888,333
888,333,-0.7771459614569706,-0.6293203910498378,887,332
887,332,-0.7771459614569706,-0.6293203910498378,886,331
886,331,-0.7880107536067221,-0.6156614753256581,885,331
885,331,-0.7880107536067221,-0.6156614753256581,884,330
884,330,-0.7880107536067221,-0.6156614753256581,883,329
883,329,-0.7880107536067221,-0.6156614753256581,882,328
882,328,-0.7986355100472928,-0.6018150231520483,881,327
881,327,-0.7986355100472928,-0.6018150231520483,880,327
880,327,-0.7986355100472928,-0.6018150231520483,879,326
879,326,-0.7986355100472928,-0.6018150231520483,878,325
878,325,-0.7986355100472928,-0.6018150231520483,877,324
877,324,-0.8090169943749473,-0.5877852522924732,876,324
876,324,-0.8090169943749473,-0.5877852522924732,875,323
875,323,-0.8090169943749473,-0.5877852522924732,874,322
874,322,-0.8090169943749473,-0.5877852522924732,873,322
873,322,-0.8191520442889916,-0.5735764363510464,872,321
872,321,-0.8191520442889916,-0.5735764363510464,871,320
871,320,-0.8191520442889916,-0.5735764363510464,870,319
870,319,-0.8191520442889916,-0.5735764363510464,869,319
869,319,-0.8191520442889916,-0.5735764363510464,868,318
868,318,-0.8191520442889916,-0.5735764363510464,867,317
867,317,-0.8290375725550418,-0.5591929034707466,866,317
866,317,-0.8290375725550418,-0.5591929034707466,865,316
865,316,-0.8290375725550418,-0.5591929034707466,864,315
864,315,-0.8290375725550418,-0.5591929034707466,863,314
863,314,-0.8290375725550418,-0.5591929034707466,862,314
862,314,-0.838670567945424,-0.544639035015027,861,313
861,313,-0.838670567945424,-0.544639035015027,860,312
860,312,-0.838670567945424,-0.544639035015027,859,312
859,312,-0.838670567945424,-0.544639035015027,858,311
858,311,-0.848048096156426,-0.529919264233205,857,310
857,310,-0.848048096156426,-0.529919264233205,856,310
856,310,-0.848048096156426,-0.529919264233205,855,309
855,309,-0.848048096156426,-0.529919264233205,854,308
854,308,-0.848048096156426,-0.529919264233205,853,308
853,308,-0.8571673007021121,-0.5150380749100545,851,307
851,307,-0.8571673007021121,-0.5150380749100545,850,306
850,306,-0.8571673007021121,-0.5150380749100545,849,306
849,306,-0.8571673007021121,-0.5150380749100545,848,305
848,305,-0.8660254037844384,-0.5000000000000004,847,305
847,305,-0.8660254037844384,-0.5000000000000004,846,304
846,304,-0.8660254037844384,-0.5000000000000004,845,303
845,303,-0.8660254037844384,-0.5000000000000004,844,303
844,303,-0.8660254037844384,-0.5000000000000004,843,302
843,302,-0.874619707139396,-0.48480962024633684,842,301
842,301,-0.874619707139396,-0.48480962024633684,841,301
841,301,-0.874619707139396,-0.48480962024633684,840,300
840,300,-0.874619707139396,-0.48480962024633684,838,300
838,300,-0.874619707139396,-0.48480962024633684,837,299
837,299,-0.874619707139396,-0.48480962024633684,836,298
836,298,-0.882947592858927,-0.46947156278589075,835,298
835,298,-0.882947592858927,-0.46947156278589075,834,297
834,297,-0.882947592858927,-0.46947156278589075,833,297
833,297,-0.882947592858927,-0.46947156278589075,832,296
832,296,-0.8910065241883678,-0.4539904997395469,831,296
831,296,-0.8910065241883678,-0.4539904997395469,830,295
830,295,-0.8910065241883678,-0.4539904997395469,828,294
828,294,-0.8910065241883678,-0.4539904997395469,827,294
827,294,-0.8910065241883678,-0.4539904997395469,826,293
826,293,-0.8987940462991668,-0.43837114678907774,825,293
825,293,-0.8987940462991668,-0.43837114678907774,824,292
824,292,-0.8987940462991668,-0.43837114678907774,823,292
823,292,-0.8987940462991668,-0.43837114678907774,822,291
822,291,-0.90630778703665,-0.42261826174069916,821,291
821,291,-0.90630778703665,-0.42261826174069916,819,290
819,290,-0.90630778703665,-0.42261826174069916,818,290
818,290,-0.90630778703665,-0.42261826174069916,817,289
817,289,-0.90630778703665,-0.42261826174069916,816,289
816,289,-0.913545457642601,-0.4067366430758001,815,288
815,288,-0.913545457642601,-0.4067366430758001,814,288
814,288,-0.913545457642601,-0.4067366430758001,813,287
813,287,-0.913545457642601,-0.4067366430758001,811,286
811,286,-0.9205048534524403,-0.3907311284892738,810,286
810,286,-0.9205048534524403,-0.3907311284892738,809,286
809,286,-0.9205048534524403,-0.3907311284892738,808,285
808,285,-0.9205048534524403,-0.3907311284892738,807,285
807,285,-0.9205048534524403,-0.3907311284892738,806,284
806,284,-0.9271838545667873,-0.3746065934159123,805,284
805,284,-0.9271838545667873,-0.3746065934159123,803,283
803,283,-0.9271838545667873,-0.3746065934159123,802,283
802,283,-0.9271838545667873,-0.3746065934159123,801,282
801,282,-0.9271838545667873,-0.3746065934159123,800,282
800,282,-0.9271838545667873,-0.3746065934159123,799,281
799,281,-0.9335804264972016,-0.3583679495453007,798,281
798,281,-0.9335804264972016,-0.3583679495453007,796,280
796,280,-0.9335804264972016,-0.3583679495453007,795,280
795,280,-0.9335804264972016,-0.3583679495453007,794,280
794,280,-0.9396926207859084,-0.34202014332566855,793,279
793,279,-0.9396926207859084,-0.34202014332566855,792,279
792,279,-0.9396926207859084,-0.34202014332566855,790,278
790,278,-0.9396926207859084,-0.34202014332566855,789,278
789,278,-0.9396926207859084,-0.34202014332566855,788,277
788,277,-0.9455185755993168,-0.32556815445715664,787,277
787,277,-0.9455185755993168,-0.32556815445715664,786,277
786,277,-0.9455185755993168,-0.32556815445715664,785,276
785,276,-0.9455185755993168,-0.32556815445715664,783,276
783,276,-0.9510565162951535,-0.30901699437494756,782,275
782,275,-0.9510565162951535,-0.30901699437494756,781,275
781,275,-0.9510565162951535,-0.30901699437494756,780,275
780,275,-0.9510565162951535,-0.30901699437494756,779,274
779,274,-0.9510565162951535,-0.30901699437494756,777,274
777,274,-0.9563047559630353,-0.2923717047227371,776,273
776,273,-0.9563047559630353,-0.2923717047227371,775,273
775,273,-0.9563047559630353,-0.2923717047227371,774,273
774,273,-0.9563047559630353,-0.2923717047227371,773,272
773,272,-0.961261695938319,-0.2756373558169989,771,272
771,272,-0.961261695938319,-0.2756373558169989,770,272
770,272,-0.961261695938319,-0.2756373558169989,769,271
769,271,-0.961261695938319,-0.2756373558169989,768,271
768,271,-0.961261695938319,-0.2756373558169989,767,271
767,271,-0.961261695938319,-0.2756373558169989,765,270
765,270,-0.9659258262890683,-0.25881904510252063,764,270
764,270,-0.9659258262890683,-0.25881904510252063,763,270
763,270,-0.9659258262890683,-0.25881904510252063,762,269
762,269,-0.9659258262890683,-0.25881904510252063,761,269
761,269,-0.9659258262890683,-0.25881904510252063,759,269
759,269,-0.9702957262759965,-0.24192189559966779,758,268
758,268,-0.9702957262759965,-0.24192189559966779,757,268
757,268,-0.9702957262759965,-0.24192189559966779,756,268
756,268,-0.9702957262759965,-0.24192189559966779,755,268
755,268,-0.9743700647852351,-0.22495105434386525,753,267
753,267,-0.9743700647852351,-0.22495105434386525,752,267
752,267,-0.9743700647852351,-0.22495105434386525,751,267
751,267,-0.9743700647852351,-0.22495105434386525,750,266
750,266,-0.9743700647852351,-0.22495105434386525,748,266
748,266,-0.9781476007338056,-0.2079116908177598,747,266
747,266,-0.9781476007338056,-0.2079116908177598,746,266
746,266,-0.9781476007338056,-0.2079116908177598,745,265
745,265,-0.9781476007338056,-0.2079116908177598,744,265
744,265,-0.981627183447664,-0.1908089953765446,742,265
742,265,-0.981627183447664,-0.1908089953765446,741,265
741,265,-0.981627183447664,-0.1908089953765446,740,264
740,264,-0.981627183447664,-0.1908089953765446,739,264
739,264,-0.981627183447664,-0.1908089953765446,737,264
737,264,-0.984807753012208,-0.17364817766693033,736,264
736,264,-0.984807753012208,-0.17364817766693033,735,264
735,264,-0.984807753012208,-0.17364817766693033,734,263
734,263,-0.984807753012208,-0.17364817766693033,732,263
732,263,-0.984807753012208,-0.17364817766693033,731,263
731,263,-0.984807753012208,-0.17364817766693033,730,263
730,263,-0.9876883405951377,-0.15643446504023104,729,263
729,263,-0.9876883405951377,-0.15643446504023104,728,262
728,262,-0.9876883405951377,-0.15643446504023104,726,262
726,262,-0.9876883405951377,-0.15643446504023104,725,262
725,262,-0.9902680687415703,-0.13917310096006583,724,262
724,262,-0.9902680687415703,-0.13917310096006583,723,262
723,262,-0.9902680687415703,-0.13917310096006583,721,261
721,261,-0.9902680687415703,-0.13917310096006583,720,261
720,261,-0.9902680687415703,-0.13917310096006583,719,261
719,261,-0.9925461516413221,-0.12186934340514717,718,261
718,261,-0.9925461516413221,-0.12186934340514717,716,261
716,261,-0.9925461516413221,-0.12186934340514717,715,261
715,261,-0.9925461516413221,-0.12186934340514717,714,261
714,261,-0.9945218953682734,-0.10452846326765336,713,260
713,260,-0.9945218953682734,-0.10452846326765336,711,260
711,260,-0.9945218953682734,-0.10452846326765336,710,260
710,260,-0.9945218953682734,-0.10452846326765336,709,260
709,260,-0.9945218953682734,-0.10452846326765336,708,260
708,260,-0.9961946980917455,-0.08715574274765825,706,260
706,260,-0.9961946980917455,-0.08715574274765825,705,260
705,260,-0.9961946980917455,-0.08715574274765825,704,260
704,260,-0.9961946980917455,-0.08715574274765825,703,259
703,259,-0.9975640502598242,-0.06975647374412558,701,259
701,259,-0.9975640502598242,-0.06975647374412558,700,259
700,259,-0.9975640502598242,-0.06975647374412558,699,259
699,259,-0.9975640502598242,-0.06975647374412558,698,259
698,259,-0.9975640502598242,-0.06975647374412558,696,259
696,259,-0.9986295347545738,-0.052335956242944306,695,259
695,259,-0.9986295347545738,-0.052335956242944306,694,259
694,259,-0.9986295347545738,-0.052335956242944306,693,259
693,259,-0.9986295347545738,-0.052335956242944306,691,259
691,259,-0.9986295347545738,-0.052335956242944306,690,259
690,259,-0.9986295347545738,-0.052335956242944306,689,259
689,259,-0.9993908270190958,-0.03489949670250076,688,259
688,259,-0.9993908270190958,-0.03489949670250076,686,259
686,259,-0.9993908270190958,-0.03489949670250076,685,259
685,259,-0.9993908270190958,-0.03489949670250076,684,259
684,259,-0.9998476951563913,-0.017452406437283498,683,259
683,259,-0.9998476951563913,-0.017452406437283498,681,259
681,259,-0.9998476951563913,-0.017452406437283498,680,259
680,259,-0.9998476951563913,-0.017452406437283498,679,258
679,258,-0.9998476951563913,-0.017452406437283498,678,258
678,258,-1.0,-1.8369701987210297e-16,676,258
676,258,-1.0,-1.8369701987210297e-16,675,258
675,258,-1.0,-1.8369701987210297e-16,674,258
674,258,-1.0,-1.8369701987210297e-16,673,259
673,259,-0.9998476951563913,0.01745240643728313,671,259
671,259,-0.9998476951563913,0.01745240643728313,670,259
670,259,-0.9998476951563913,0.01745240643728313,669,259
669,259,-0.9998476951563913,0.01745240643728313,668,259
668,259,-0.9998476951563913,0.01745240643728313,666,259
666,259,-0.9993908270190958,0.03489949670250128,665,259
665,259,-0.9993908270190958,0.03489949670250128,664,259
664,259,-0.9993908270190958,0.03489949670250128,663,259
663,259,-0.9993908270190958,0.03489949670250128,661,259
661,259,-0.9986295347545738,0.052335956242943946,660,259
660,259,-0.9986295347545738,0.052335956242943946,659,259
659,259,-0.9986295347545738,0.052335956242943946,658,259
658,259,-0.9986295347545738,0.052335956242943946,656,259
656,259,-0.9986295347545738,0.052335956242943946,655,259
655,259,-0.9986295347545738,0.052335956242943946,654,259
654,259,-0.9975640502598243,0.06975647374412522,653,259
653,259,-0.9975640502598243,0.06975647374412522,651,259
651,259,-0.9975640502598243,0.06975647374412522,650,259
650,259,-0.9975640502598243,0.06975647374412522,649,260
649,260,-0.9975640502598243,0.06975647374412522,648,260
648,260,-0.9961946980917455,0.08715574274765789,646,260
646,260,-0.9961946980917455,0.08715574274765789,645,260
645,260,-0.9961946980917455,0.08715574274765789,644,260
644,260,-0.9961946980917455,0.08715574274765789,643,260
643,260,-0.9945218953682734,0.10452846326765299,641,260
641,260,-0.9945218953682734,0.10452846326765299,640,260
640,260,-0.9945218953682734,0.10452846326765299,639,261
639,261,-0.9945218953682734,0.10452846326765299,638,261
638,261,-0.9945218953682734,0.10452846326765299,636,261
636,261,-0.992546151641322,0.12186934340514768,635,261
635,261,-0.992546151641322,0.12186934340514768,634,261
634,261,-0.992546151641322,0.12186934340514768,633,261
633,261,-0.992546151641322,0.12186934340514768,632,261
632,261,-0.9902680687415704,0.13917310096006547,630,262
630,262,-0.9902680687415704,0.13917310096006547,629,262
629,262,-0.9902680687415704,0.13917310096006547,628,262
628,262,-0.9902680687415704,0.13917310096006547,627,262
627,262,-0.9902680687415704,0.13917310096006547,625,262
625,262,-0.9876883405951378,0.15643446504023067,624,263
624,263,-0.9876883405951378,0.15643446504023067,623,263
623,263,-0.9876883405951378,0.15643446504023067,622,263
622,263,-0.9876883405951378,0.15643446504023067,620,263
620,263,-0.9848077530122081,0.17364817766692997,619,263
619,263,-0.9848077530122081,0.17364817766692997,618,264
618,264,-0.9848077530122081,0.17364817766692997,617,264
617,264,-0.9848077530122081,0.17364817766692997,615,264
615,264,-0.9848077530122081,0.17364817766692997,614,264
614,264,-0.9848077530122081,0.17364817766692997,613,264
613,264,-0.9816271834476639,0.1908089953765451,612,265
612,265,-0.9816271834476639,0.1908089953765451,611,265
611,265,-0.9816271834476639,0.1908089953765451,609,265
609,265,-0.9816271834476639,0.1908089953765451,608,265
608,265,-0.9816271834476639,0.1908089953765451,607,266
607,266,-0.9781476007338056,0.20791169081775943,606,266
606,266,-0.9781476007338056,0.20791169081775943,604,266
604,266,-0.9781476007338056,0.20791169081775943,603,266
603,266,-0.9781476007338056,0.20791169081775943,602,267
602,267,-0.9743700647852352,0.22495105434386492,601,267
601,267,-0.9743700647852352,0.22495105434386492,600,267
600,267,-0.9743700647852352,0.22495105434386492,598,268
598,268,-0.9743700647852352,0.22495105434386492,597,268
597,268,-0.9743700647852352,0.22495105434386492,596,268
596,268,-0.9702957262759966,0.24192189559966745,595,268
595,268,-0.9702957262759966,0.24192189559966745,593,269
593,269,-0.9702957262759966,0.24192189559966745,592,269
592,269,-0.9702957262759966,0.24192189559966745,591,269
591,269,-0.9659258262890684,0.2588190451025203,590,270
590,270,-0.9659258262890684,0.2588190451025203,589,270
589,270,-0.9659258262890684,0.2588190451025203,587,270
587,270,-0.9659258262890684,0.2588190451025203,586,271
586,271,-0.9659258262890684,0.2588190451025203,585,271
585,271,-0.9612616959383188,0.2756373558169994,584,271
584,271,-0.9612616959383188,0.2756373558169994,583,272
583,272,-0.9612616959383188,0.2756373558169994,581,272
581,272,-0.9612616959383188,0.2756373558169994,580,272
580,272,-0.9612616959383188,0.2756373558169994,579,273
579,273,-0.9612616959383188,0.2756373558169994,578,273
578,273,-0.9563047559630354,0.2923717047227367,577,274
577,274,-0.9563047559630354,0.2923717047227367,575,274
575,274,-0.9563047559630354,0.2923717047227367,574,274
574,274,-0.9563047559630354,0.2923717047227367,573,275
573,275,-0.9510565162951536,0.30901699437494723,572,275
572,275,-0.9510565162951536,0.30901699437494723,571,275
571,275,-0.9510565162951536,0.30901699437494723,569,276
569,276,-0.9510565162951536,0.30901699437494723,568,276
568,276,-0.9510565162951536,0.30901699437494723,567,277
567,277,-0.945518575599317,0.3255681544571563,566,277
566,277,-0.945518575599317,0.3255681544571563,565,277
565,277,-0.945518575599317,0.3255681544571563,564,278
564,278,-0.945518575599317,0.3255681544571563,562,278
562,278,-0.9396926207859083,0.342020143325669,561,279
561,279,-0.9396926207859083,0.342020143325669,560,279
560,279,-0.9396926207859083,0.342020143325669,559,280
559,280,-0.9396926207859083,0.342020143325669,558,280
558,280,-0.9396926207859083,0.342020143325669,556,280
556,280,-0.9335804264972017,0.3583679495453004,555,281
555,281,-0.9335804264972017,0.3583679495453004,554,281
554,281,-0.9335804264972017,0.3583679495453004,553,282
553,282,-0.9335804264972017,0.3583679495453004,552,282
552,282,-0.9271838545667874,0.37460659341591196,551,283
551,283,-0.9271838545667874,0.37460659341591196,549,283
549,283,-0.9271838545667874,0.37460659341591196,548,284
548,284,-0.9271838545667874,0.37460659341591196,547,284
547,284,-0.9271838545667874,0.37460659341591196,546,285
546,285,-0.9205048534524405,0.3907311284892735,545,285
545,285,-0.9205048534524405,0.3907311284892735,544,286
544,286,-0.9205048534524405,0.3907311284892735,543,286
543,286,-0.9205048534524405,0.3907311284892735,541,287
541,287,-0.9205048534524405,0.3907311284892735,540,287
540,287,-0.9205048534524405,0.3907311284892735,539,288
539,288,-0.9135454576426011,0.40673664307579976,538,288
538,288,-0.9135454576426011,0.40673664307579976,537,289
537,289,-0.9135454576426011,0.40673664307579976,536,289
536,289,-0.9135454576426011,0.40673664307579976,535,290
535,290,-0.9063077870366499,0.4226182617406996,533,290
533,290,-0.9063077870366499,0.4226182617406996,532,291
532,291,-0.9063077870366499,0.4226182617406996,531,291
531,291,-0.9063077870366499,0.4226182617406996,530,292
530,292,-0.9063077870366499,0.4226182617406996,529,292
529,292,-0.898794046299167,0.4383711467890774,528,293
528,293,-0.898794046299167,0.4383711467890774,527,293
527,293,-0.898794046299167,0.4383711467890774,526,294
526,294,-0.898794046299167,0.4383711467890774,524,294
524,294,-0.8910065241883679,0.45399049973954664,523,295
523,295,-0.8910065241883679,0.45399049973954664,522,296
522,296,-0.8910065241883679,0.45399049973954664,521,296
521,296,-0.8910065241883679,0.45399049973954664,520,297
520,297,-0.8910065241883679,0.45399049973954664,519,297
519,297,-0.8829475928589271,0.4694715627858904,518,298
518,298,-0.8829475928589271,0.4694715627858904,517,298
517,298,-0.8829475928589271,0.4694715627858904,516,299
516,299,-0.8829475928589271,0.4694715627858904,514,300
514,300,-0.8746197071393956,0.4848096202463373,513,300
513,300,-0.8746197071393956,0.4848096202463373,512,301
512,301,-0.8746197071393956,0.4848096202463373,511,301
511,301,-0.8746197071393956,0.4848096202463373,510,302
510,302,-0.8746197071393956,0.4848096202463373,509,303
509,303,-0.8746197071393956,0.4848096202463373,508,303
508,303,-0.8660254037844386,0.5000000000000001,507,304
507,304,-0.8660254037844386,0.5000000000000001,506,305
506,305,-0.8660254037844386,0.5000000000000001,505,305
505,305,-0.8660254037844386,0.5000000000000001,504,306
504,306,-0.8660254037844386,0.5000000000000001,502,306
502,306,-0.8571673007021123,0.5150380749100542,501,307
501,307,-0.8571673007021123,0.5150380749100542,500,308
500,308,-0.8571673007021123,0.5150380749100542,499,308
499,308,-0.8571673007021123,0.5150380749100542,498,309
498,309,-0.8480480961564262,0.5299192642332047,497,310
497,310,-0.8480480961564262,0.5299192642332047,496,310
496,310,-0.8480480961564262,0.5299192642332047,495,311
495,311,-0.8480480961564262,0.5299192642332047,494,312
494,312,-0.8480480961564262,0.5299192642332047,493,312
493,312,-0.8386705679454243,0.5446390350150266,492,313
492,313,-0.8386705679454243,0.5446390350150266,491,314
491,314,-0.8386705679454243,0.5446390350150266,490,314
490,314,-0.8386705679454243,0.5446390350150266,489,315
489,315,-0.8290375725550416,0.559192903470747,488,316
488,316,-0.8290375725550416,0.559192903470747,487,317
487,317,-0.8290375725550416,0.559192903470747,486,317
486,317,-0.8290375725550416,0.559192903470747,485,318
485,318,-0.8290375725550416,0.559192903470747,484,319
484,319,-0.8191520442889918,0.573576436351046,482,319
482,319,-0.8191520442889918,0.573576436351046,481,320
481,320,-0.8191520442889918,0.573576436351046,480,321
480,321,-0.8191520442889918,0.573576436351046,479,322
479,322,-0.8191520442889918,0.573576436351046,478,322
478,322,-0.8191520442889918,0.573576436351046,477,323
477,323,-0.8090169943749476,0.5877852522924729,476,324
476,324,-0.8090169943749476,0.5877852522924729,475,324
475,324,-0.8090169943749476,0.5877852522924729,474,325
474,325,-0.8090169943749476,0.5877852522924729,473,326
473,326,-0.798635510047293,0.6018150231520479,472,327
472,327,-0.798635510047293,0.6018150231520479,471,327
471,327,-0.798635510047293,0.6018150231520479,470,328
470,328,-0.798635510047293,0.6018150231520479,469,329
469,329,-0.798635510047293,0.6018150231520479,468,330
468,330,-0.7880107536067218,0.6156614753256585,467,331
467,331,-0.7880107536067218,0.6156614753256585,466,331
466,331,-0.7880107536067218,0.6156614753256585,465,332
465,332,-0.7880107536067218,0.6156614753256585,464,333
464,333,-0.7771459614569708,0.6293203910498375,463,334
463,334,-0.7771459614569708,0.6293203910498375,463,334
463,334,-0.7771459614569708,0.6293203910498375,462,335
462,335,-0.7771459614569708,0.6293203910498375,461,336
461,336,-0.7771459614569708,0.6293203910498375,460,337
460,337,-0.7660444431189781,0.6427876096865393,459,338
459,338,-0.7660444431189781,0.6427876096865393,458,338
458,338,-0.7660444431189781,0.6427876096865393,457,339
457,339,-0.7660444431189781,0.6427876096865393,456,340
456,340,-0.7547095802227722,0.656059028990507,455,341
455,341,-0.7547095802227722,0.656059028990507,454,342
454,342,-0.7547095802227722,0.656059028990507,453,342
453,342,-0.7547095802227722,0.656059028990507,452,343
452,343,-0.7547095802227722,0.656059028990507,451,344
451,344,-0.7431448254773946,0.6691306063588578,450,345
450,345,-0.7431448254773946,0.6691306063588578,449,346
449,346,-0.7431448254773946,0.6691306063588578,448,347
448,347,-0.7431448254773946,0.6691306063588578,447,347
447,347,-0.7431448254773946,0.6691306063588578,446,348
446,348,-0.7431448254773946,0.6691306063588578,446,349
446,349,-0.7313537016191703,0.6819983600624986,445,350
445,350,-0.7313537016191703,0.6819983600624986,444,351
444,351,-0.7313537016191703,0.6819983600624986,443,352
443,352,-0.7313537016191703,0.6819983600624986,442,353
442,353,-0.7193398003386512,0.6946583704589973,441,353
441,353,-0.7193398003386512,0.6946583704589973,440,354
440,354,-0.7193398003386512,0.6946583704589973,439,355
439,355,-0.7193398003386512,0.6946583704589973,438,356
438,356,-0.7193398003386512,0.6946583704589973,437,357
437,357,-0.7071067811865477,0.7071067811865474,437,358
437,358,-0.7071067811865477,0.7071067811865474,436,359
436,359,-0.7071067811865477,0.7071067811865474,435,360
435,360,-0.7071067811865477,0.7071067811865474,434,361
434,361,-0.6946583704589976,0.7193398003386509,433,361
433,361,-0.6946583704589976,0.7193398003386509,432,362
432,362,-0.6946583704589976,0.7193398003386509,431,363
431,363,-0.6946583704589976,0.7193398003386509,430,364
430,364,-0.6946583704589976,0.7193398003386509,430,365
430,365,-0.6819983600624983,0.7313537016191707,429,366
429,366,-0.6819983600624983,0.7313537016191707,428,367
428,367,-0.6819983600624983,0.7313537016191707,427,368
427,368,-0.6819983600624983,0.7313537016191707,426,369
426,369,-0.6691306063588581,0.7431448254773942,425,370
425,370,-0.6691306063588581,0.7431448254773942,424,371
424,371,-0.6691306063588581,0.7431448254773942,424,371
424,371,-0.6691306063588581,0.7431448254773942,423,372
423,372,-0.6691306063588581,0.7431448254773942,422,373
422,373,-0.6691306063588581,0.7431448254773942,421,374
421,374,-0.6560590289905074,0.7547095802227719,420,375
420,375,-0.6560590289905074,0.7547095802227719,419,376
419,376,-0.6560590289905074,0.7547095802227719,419,377
419,377,-0.6560590289905074,0.7547095802227719,418,378
418,378,-0.6560590289905074,0.7547095802227719,417,379
417,379,-0.6427876096865396,0.7660444431189778,416,380
416,380,-0.6427876096865396,0.7660444431189778,415,381
415,381,-0.6427876096865396,0.7660444431189778,415,382
415,382,-0.6427876096865396,0.7660444431189778,414,383
414,383,-0.6293203910498378,0.7771459614569706,413,384
413,384,-0.6293203910498378,0.7771459614569706,412,385
412,385,-0.6293203910498378,0.7771459614569706,411,386
411,386,-0.6293203910498378,0.7771459614569706,411,387
411,387,-0.6293203910498378,0.7771459614569706,410,388
410,388,-0.6156614753256582,0.788010753606722,409,389
409,389,-0.6156614753256582,0.788010753606722,408,390
408,390,-0.6156614753256582,0.788010753606722,408,391
408,391,-0.6156614753256582,0.788010753606722,407,392
407,392,-0.6018150231520483,0.7986355100472928,406,393
406,393,-0.6018150231520483,0.7986355100472928,405,394
405,394,-0.6018150231520483,0.7986355100472928,405,395
405,395,-0.6018150231520483,0.7986355100472928,404,396
404,396,-0.6018150231520483,0.7986355100472928,403,397
403,397,-0.5877852522924734,0.8090169943749473,402,398
402,398,-0.5877852522924734,0.8090169943749473,402,399
402,399,-0.5877852522924734,0.8090169943749473,401,400
401,400,-0.5877852522924734,0.8090169943749473,400,401
400,401,-0.5735764363510465,0.8191520442889916,399,402
399,402,-0.5735764363510465,0.8191520442889916,399,403
399,403,-0.5735764363510465,0.8191520442889916,398,404
398,404,-0.5735764363510465,0.8191520442889916,397,405
397,405,-0.5735764363510465,0.8191520442889916,397,406
397,406,-0.5735764363510465,0.8191520442889916,396,407
396,407,-0.5591929034707466,0.8290375725550418,395,408
395,408,-0.5591929034707466,0.8290375725550418,394,409
394,409,-0.5591929034707466,0.8290375725550418,394,410
394,410,-0.5591929034707466,0.8290375725550418,393,411
393,411,-0.5591929034707466,0.8290375725550418,392,412
392,412,-0.544639035015027,0.838670567945424,392,413
392,413,-0.544639035015027,0.838670567945424,391,414
391,414,-0.544639035015027,0.838670567945424,390,415
390,415,-0.544639035015027,0.838670567945424,390,416
390,416,-0.529919264233205,0.848048096156426,389,417
389,417,-0.529919264233205,0.848048096156426,388,418
388,418,-0.529919264233205,0.848048096156426,388,420
388,420,-0.529919264233205,0.848048096156426,387,421
387,421,-0.529919264233205,0.848048096156426,386,422
386,422,-0.5150380749100545,0.8571673007021121,386,423
386,423,-0.5150380749100545,0.8571673007021121,385,424
385,424,-0.5150380749100545,0.8571673007021121,384,425
384,425,-0.5150380749100545,0.8571673007021121,384,426
384,426,-0.5000000000000004,0.8660254037844384,383,427
383,427,-0.5000000000000004,0.8660254037844384,383,428
383,428,-0.5000000000000004,0.8660254037844384,382,429
382,429,-0.5000000000000004,0.8660254037844384,381,430
381,430,-0.5000000000000004,0.8660254037844384,381,431
381,431,-0.4848096202463369,0.8746197071393959,380,432
380,432,-0.4848096202463369,0.8746197071393959,380,434
380,434,-0.4848096202463369,0.8746197071393959,379,435
379,435,-0.4848096202463369,0.8746197071393959,378,436
378,436,-0.4848096202463369,0.8746197071393959,378,437
378,437,-0.4848096202463369,0.8746197071393959,377,438
377,438,-0.4694715627858908,0.8829475928589269,377,439
377,439,-0.4694715627858908,0.8829475928589269,376,440
376,440,-0.4694715627858908,0.8829475928589269,375,441
375,441,-0.4694715627858908,0.8829475928589269,375,442
375,442,-0.45399049973954697,0.8910065241883678,374,444
374,444,-0.45399049973954697,0.8910065241883678,374,445
374,445,-0.45399049973954697,0.8910065241883678,373,446
373,446,-0.45399049973954697,0.8910065241883678,373,447
373,447,-0.45399049973954697,0.8910065241883678,372,448
372,448,-0.4383711467890778,0.8987940462991668,371,449
371,449,-0.4383711467890778,0.8987940462991668,371,450
371,450,-0.4383711467890778,0.8987940462991668,370,451
370,451,-0.4383711467890778,0.8987940462991668,370,453
370,453,-0.4226182617406992,0.90630778703665,369,454
369,454,-0.4226182617406992,0.90630778703665,369,455
369,455,-0.4226182617406992,0.90630778703665,368,456
368,456,-0.4226182617406992,0.90630778703665,368,457
368,457,-0.4226182617406992,0.90630778703665,367,458
367,458,-0.40673664307580015,0.913545457642601,367,459
367,459,-0.40673664307580015,0.913545457642601,366,460
366,460,-0.40673664307580015,0.913545457642601,366,462
366,462,-0.40673664307580015,0.913545457642601,365,463
365,463,-0.3907311284892739,0.9205048534524403,365,464
365,464,-0.3907311284892739,0.9205048534524403,364,465
364,465,-0.3907311284892739,0.9205048534524403,364,466
364,466,-0.3907311284892739,0.9205048534524403,363,467
363,467,-0.3907311284892739,0.9205048534524403,363,469
363,469,-0.37460659341591235,0.9271838545667873,362,470
362,470,-0.37460659341591235,0.9271838545667873,362,471
362,471,-0.37460659341591235,0.9271838545667873,361,472
361,472,-0.37460659341591235,0.9271838545667873,361,473
361,473,-0.37460659341591235,0.9271838545667873,360,474
360,474,-0.37460659341591235,0.9271838545667873,360,475
360,475,-0.35836794954530077,0.9335804264972015,359,477
359,477,-0.35836794954530077,0.9335804264972015,359,478
359,478,-0.35836794954530077,0.9335804264972015,359,479
359,479,-0.35836794954530077,0.9335804264972015,358,480
358,480,-0.3420201433256686,0.9396926207859084,358,481
358,481,-0.3420201433256686,0.9396926207859084,357,483
357,483,-0.3420201433256686,0.9396926207859084,357,484
357,484,-0.3420201433256686,0.9396926207859084,356,485
356,485,-0.3420201433256686,0.9396926207859084,356,486
356,486,-0.3255681544571567,0.9455185755993168,356,487
356,487,-0.3255681544571567,0.9455185755993168,355,488
355,488,-0.3255681544571567,0.9455185755993168,355,490
355,490,-0.3255681544571567,0.9455185755993168,354,491
354,491,-0.3090169943749476,0.9510565162951535,354,492
354,492,-0.3090169943749476,0.9510565162951535,354,493
354,493,-0.3090169943749476,0.9510565162951535,353,494
353,494,-0.3090169943749476,0.9510565162951535,353,496
353,496,-0.3090169943749476,0.9510565162951535,353,497
353,497,-0.29237170472273716,0.9563047559630353,352,498
352,498,-0.29237170472273716,0.9563047559630353,352,499
352,499,-0.29237170472273716,0.9563047559630353,351,500
351,500,-0.29237170472273716,0.9563047559630353,351,502
351,502,-0.27563735581699894,0.9612616959383189,351,503
351,503,-0.27563735581699894,0.9612616959383189,350,504
350,504,-0.27563735581699894,0.9612616959383189,350,505
350,505,-0.27563735581699894,0.9612616959383189,350,506
350,506,-0.27563735581699894,0.9612616959383189,349,508
349,508,-0.27563735581699894,0.9612616959383189,349,509
349,509,-0.2588190451025207,0.9659258262890683,349,510
349,510,-0.2588190451025207,0.9659258262890683,348,511
348,511,-0.2588190451025207,0.9659258262890683,348,512
348,512,-0.2588190451025207,0.9659258262890683,348,514
348,514,-0.2588190451025207,0.9659258262890683,347,515
347,515,-0.24192189559966787,0.9702957262759965,347,516
347,516,-0.24192189559966787,0.9702957262759965,347,517
347,517,-0.24192189559966787,0.9702957262759965,347,518
347,518,-0.24192189559966787,0.9702957262759965,346,520
346,520,-0.22495105434386534,0.9743700647852351,346,521
346,521,-0.22495105434386534,0.9743700647852351,346,522
346,522,-0.22495105434386534,0.9743700647852351,345,523
345,523,-0.22495105434386534,0.9743700647852351,345,525
345,525,-0.22495105434386534,0.9743700647852351,345,526
345,526,-0.20791169081775987,0.9781476007338056,345,527
345,527,-0.20791169081775987,0.9781476007338056,344,528
344,528,-0.20791169081775987,0.9781476007338056,344,529
344,529,-0.20791169081775987,0.9781476007338056,344,531
344,531,-0.19080899537654467,0.981627183447664,344,532
344,532,-0.19080899537654467,0.981627183447664,343,533
343,533,-0.19080899537654467,0.981627183447664,343,534
343,534,-0.19080899537654467,0.981627183447664,343,536
343,536,-0.19080899537654467,0.981627183447664,343,537
343,537,-0.1736481776669304,0.984807753012208,342,538
342,538,-0.1736481776669304,0.984807753012208,342,539
342,539,-0.1736481776669304,0.984807753012208,342,541
342,541,-0.1736481776669304,0.984807753012208,342,542
342,542,-0.1736481776669304,0.984807753012208,342,543
342,543,-0.1736481776669304,0.984807753012208,341,544
341,544,-0.1564344650402311,0.9876883405951377,341,545
341,545,-0.1564344650402311,0.9876883405951377,341,547
341,547,-0.1564344650402311,0.9876883405951377,341,548
341,548,-0.1564344650402311,0.9876883405951377,341,549
341,549,-0.13917310096006588,0.9902680687415703,340,550
340,550,-0.13917310096006588,0.9902680687415703,340,552
340,552,-0.13917310096006588,0.9902680687415703,340,553
340,553,-0.13917310096006588,0.9902680687415703,340,554
340,554,-0.13917310096006588,0.9902680687415703,340,555
340,555,-0.12186934340514723,0.9925461516413221,340,557
340,557,-0.12186934340514723,0.9925461516413221,339,558
339,558,-0.12186934340514723,0.9925461516413221,339,559
339,559,-0.12186934340514723,0.9925461516413221,339,560
339,560,-0.10452846326765342,0.9945218953682733,339,562
339,562,-0.10452846326765342,0.9945218953682733,339,563
339,563,-0.10452846326765342,0.9945218953682733,339,564
339,564,-0.10452846326765342,0.9945218953682733,339,565
339,565,-0.10452846326765342,0.9945218953682733,339,567
339,567,-0.08715574274765832,0.9961946980917455,338,568
338,568,-0.08715574274765832,0.9961946980917455,338,569
338,569,-0.08715574274765832,0.9961946980917455,338,570
338,570,-0.08715574274765832,0.9961946980917455,338,572
338,572,-0.06975647374412564,0.9975640502598242,338,573
338,573,-0.06975647374412564,0.9975640502598242,338,574
338,574,-0.06975647374412564,0.9975640502598242,338,575
338,575,-0.06975647374412564,0.9975640502598242,338,577
338,577,-0.06975647374412564,0.9975640502598242,338,578
338,578,-0.05233595624294437,0.9986295347545738,338,579
338,579,-0.05233595624294437,0.9986295347545738,338,580
338,580,-0.05233595624294437,0.9986295347545738,338,582
338,582,-0.05233595624294437,0.9986295347545738,337,583
337,583,-0.05233595624294437,0.9986295347545738,337,584
337,584,-0.05233595624294437,0.9986295347545738,337,585
337,585,-0.034899496702500823,0.9993908270190958,337,587
337,587,-0.034899496702500823,0.9993908270190958,337,588
337,588,-0.034899496702500823,0.9993908270190958,337,589
337,589,-0.034899496702500823,0.9993908270190958,337,590
337,590,-0.01745240643728356,0.9998476951563913,337,592
337,592,-0.01745240643728356,0.9998476951563913,337,593
337,593,-0.01745240643728356,0.9998476951563913,337,594
337,594,-0.01745240643728356,0.9998476951563913,337,595
337,595,-0.01745240643728356,0.9998476951563913,337,597
337,597,0.0,1.0,337,598
337,598,0.0,1.0,337,599
337,599,0.0,1.0,337,600
337,600,0.0,1.0,337,602
337,602,0.01745240643728351,0.9998476951563913,337,603
337,603,0.01745240643728351,0.9998476951563913,337,604
337,604,0.01745240643728351,0.9998476951563913,337,605
337,605,0.01745240643728351,0.9998476951563913,337,607
337,607,0.01745240643728351,0.9998476951563913,337,608
337,608,0.03489949670250097,0.9993908270190958,337,609
337,609,0.03489949670250097,0.9993908270190958,337,610
337,610,0.03489949670250097,0.9993908270190958,337,612
337,612,0.03489949670250097,0.9993908270190958,337,613
337,613,0.052335956242943835,0.9986295347545738,338,614
338,614,0.052335956242943835,0.9986295347545738,338,615
338,615,0.052335956242943835,0.9986295347545738,338,617
338,617,0.052335956242943835,0.9986295347545738,338,618
338,618,0.052335956242943835,0.9986295347545738,338,619
338,619,0.052335956242943835,0.9986295347545738,338,620
338,620,0.0697564737441253,0.9975640502598242,338,622
338,622,0.0697564737441253,0.9975640502598242,338,623
338,623,0.0697564737441253,0.9975640502598242,338,624
338,624,0.0697564737441253,0.9975640502598242,338,625
338,625,0.0697564737441253,0.9975640502598242,338,627
338,627,0.08715574274765817,0.9961946980917455,338,628
338,628,0.08715574274765817,0.9961946980917455,339,629
339,629,0.08715574274765817,0.9961946980917455,339,630
339,630,0.08715574274765817,0.9961946980917455,339,631
339,631,0.10452846326765347,0.9945218953682733,339,633
339,633,0.10452846326765347,0.9945218953682733,339,634
339,634,0.10452846326765347,0.9945218953682733,339,635
339,635,0.10452846326765347,0.9945218953682733,339,636
339,636,0.10452846326765347,0.9945218953682733,339,638
339,638,0.12186934340514748,0.992546151641322,340,639
340,639,0.12186934340514748,0.992546151641322,340,640
340,640,0.12186934340514748,0.992546151641322,340,641
340,641,0.12186934340514748,0.992546151641322,340,643
340,643,0.13917310096006544,0.9902680687415704,340,644
340,644,0.13917310096006544,0.9902680687415704,340,645
340,645,0.13917310096006544,0.9902680687415704,341,646
341,646,0.13917310096006544,0.9902680687415704,341,648
341,648,0.13917310096006544,0.9902680687415704,341,649
341,649,0.15643446504023087,0.9876883405951378,341,650
341,650,0.15643446504023087,0.9876883405951378,341,651
341,651,0.15643446504023087,0.9876883405951378,342,653
342,653,0.15643446504023087,0.9876883405951378,342,654
342,654,0.17364817766693033,0.984807753012208,342,655
342,655,0.17364817766693033,0.984807753012208,342,656
342,656,0.17364817766693033,0.984807753012208,342,658
342,658,0.17364817766693033,0.984807753012208,343,659
343,659,0.17364817766693033,0.984807753012208,343,660
343,660,0.17364817766693033,0.984807753012208,343,661
343,661,0.1908089953765448,0.981627183447664,343,662
343,662,0.1908089953765448,0.981627183447664,344,664
344,664,0.1908089953765448,0.981627183447664,344,665
344,665,0.1908089953765448,0.981627183447664,344,666
344,666,0.1908089953765448,0.981627183447664,344,667
344,667,0.20791169081775934,0.9781476007338057,345,669
345,669,0.20791169081775934,0.9781476007338057,345,670
345,670,0.20791169081775934,0.9781476007338057,345,671
345,671,0.20791169081775934,0.9781476007338057,345,672
345,672,0.224951054343865,0.9743700647852352,346,673
346,673,0.224951054343865,0.9743700647852352,346,675
346,675,0.224951054343865,0.9743700647852352,346,676
346,676,0.224951054343865,0.9743700647852352,347,677
347,677,0.224951054343865,0.9743700647852352,347,678
347,678,0.24192189559966773,0.9702957262759965,347,680
347,680,0.24192189559966773,0.9702957262759965,347,681
347,681,0.24192189559966773,0.9702957262759965,348,682
348,682,0.24192189559966773,0.9702957262759965,348,683
348,683,0.25881904510252074,0.9659258262890683,348,684
348,684,0.25881904510252074,0.9659258262890683,349,686
349,686,0.25881904510252074,0.9659258262890683,349,687
349,687,0.25881904510252074,0.9659258262890683,349,688
349,688,0.25881904510252074,0.9659258262890683,350,689
350,689,0.27563735581699916,0.9612616959383189,350,690
350,690,0.27563735581699916,0.9612616959383189,350,692
350,692,0.27563735581699916,0.9612616959383189,351,693
351,693,0.27563735581699916,0.9612616959383189,351,694
351,694,0.27563735581699916,0.9612616959383189,351,695
351,695,0.27563735581699916,0.9612616959383189,352,696
352,696,0.29237170472273677,0.9563047559630354,352,698
352,698,0.29237170472273677,0.9563047559630354,353,699
353,699,0.29237170472273677,0.9563047559630354,353,700
353,700,0.29237170472273677,0.9563047559630354,353,701
353,701,0.3090169943749474,0.9510565162951535,354,702
354,702,0.3090169943749474,0.9510565162951535,354,704
354,704,0.3090169943749474,0.9510565162951535,354,705
354,705,0.3090169943749474,0.9510565162951535,355,706
355,706,0.3090169943749474,0.9510565162951535,355,707
355,707,0.3255681544571567,0.9455185755993168,356,708
356,708,0.3255681544571567,0.9455185755993168,356,709
356,709,0.3255681544571567,0.9455185755993168,356,711
356,711,0.3255681544571567,0.9455185755993168,357,712
357,712,0.3420201433256687,0.9396926207859084,357,713
357,713,0.3420201433256687,0.9396926207859084,358,714
358,714,0.3420201433256687,0.9396926207859084,358,715
358,715,0.3420201433256687,0.9396926207859084,359,717
359,717,0.3420201433256687,0.9396926207859084,359,718
359,718,0.35836794954530027,0.9335804264972017,360,719
360,719,0.35836794954530027,0.9335804264972017,360,720
360,720,0.35836794954530027,0.9335804264972017,360,721
360,721,0.35836794954530027,0.9335804264972017,361,722
361,722,0.374606593415912,0.9271838545667874,361,724
361,724,0.374606593415912,0.9271838545667874,362,725
362,725,0.374606593415912,0.9271838545667874,362,726
362,726,0.374606593415912,0.9271838545667874,363,727
363,727,0.374606593415912,0.9271838545667874,363,728
363,728,0.39073112848927377,0.9205048534524404,364,729
364,729,0.39073112848927377,0.9205048534524404,364,731
364,731,0.39073112848927377,0.9205048534524404,365,732
365,732,0.39073112848927377,0.9205048534524404,365,733
365,733,0.39073112848927377,0.9205048534524404,366,734
366,734,0.39073112848927377,0.9205048534524404,366,735
366,735,0.4067366430758002,0.9135454576426009,367,736
367,736,0.4067366430758002,0.9135454576426009,367,737
367,737,0.4067366430758002,0.9135454576426009,368,739
368,739,0.4067366430758002,0.9135454576426009,368,740
368,740,0.42261826174069944,0.9063077870366499,369,741
369,741,0.42261826174069944,0.9063077870366499,369,742
369,742,0.42261826174069944,0.9063077870366499,370,743
370,743,0.42261826174069944,0.9063077870366499,370,744
370,744,0.42261826174069944,0.9063077870366499,371,745
371,745,0.4383711467890774,0.898794046299167,371,746
371,746,0.4383711467890774,0.898794046299167,372,748
372,748,0.4383711467890774,0.898794046299167,373,749
373,749,0.4383711467890774,0.898794046299167,373,750
373,750,0.45399049973954675,0.8910065241883679,374,751
374,751,0.45399049973954675,0.8910065241883679,374,752
374,752,0.45399049973954675,0.8910065241883679,375,753
375,753,0.45399049973954675,0.8910065241883679,375,754
375,754,0.45399049973954675,0.8910065241883679,376,755
376,755,0.4694715627858908,0.882947592858927,377,756
377,756,0.4694715627858908,0.882947592858927,377,758
377,758,0.4694715627858908,0.882947592858927,378,759
378,759,0.4694715627858908,0.882947592858927,378,760
378,760,0.48480962024633706,0.8746197071393957,379,761
379,761,0.48480962024633706,0.8746197071393957,380,762
380,762,0.48480962024633706,0.8746197071393957,380,763
380,763,0.48480962024633706,0.8746197071393957,381,764
381,764,0.48480962024633706,0.8746197071393957,381,765
381,765,0.48480962024633706,0.8746197071393957,382,766
382,766,0.49999999999999994,0.8660254037844387,383,767
383,767,0.49999999999999994,0.8660254037844387,383,769
383,769,0.49999999999999994,0.8660254037844387,384,770
384,770,0.49999999999999994,0.8660254037844387,384,771
384,771,0.49999999999999994,0.8660254037844387,385,772
385,772,0.5150380749100542,0.8571673007021123,386,773
386,773,0.5150380749100542,0.8571673007021123,386,774
386,774,0.5150380749100542,0.8571673007021123,387,775
387,775,0.5150380749100542,0.8571673007021123,388,776
388,776,0.5299192642332049,0.848048096156426,388,777
388,777,0.5299192642332049,0.848048096156426,389,778
389,778,0.5299192642332049,0.848048096156426,390,779
390,779,0.5299192642332049,0.848048096156426,390,780
390,780,0.5299192642332049,0.848048096156426,391,781
391,781,0.5446390350150271,0.838670567945424,392,782
392,782,0.5446390350150271,0.838670567945424,392,783
392,783,0.5446390350150271,0.838670567945424,393,784
393,784,0.5446390350150271,0.838670567945424,394,785
394,785,0.5591929034707469,0.8290375725550416,394,787
394,787,0.5591929034707469,0.8290375725550416,395,788
395,788,0.5591929034707469,0.8290375725550416,396,789
396,789,0.5591929034707469,0.8290375725550416,397,790
397,790,0.5591929034707469,0.8290375725550416,397,791
397,791,0.573576436351046,0.8191520442889918,398,792
398,792,0.573576436351046,0.8191520442889918,399,793
399,793,0.573576436351046,0.8191520442889918,399,794
399,794,0.573576436351046,0.8191520442889918,400,795
400,795,0.573576436351046,0.8191520442889918,401,796
401,796,0.573576436351046,0.8191520442889918,402,797
402,797,0.5877852522924731,0.8090169943749475,402,798
402,798,0.5877852522924731,0.8090169943749475,403,799
403,799,0.5877852522924731,0.8090169943749475,404,800
404,800,0.5877852522924731,0.8090169943749475,405,801
405,801,0.6018150231520483,0.7986355100472928,405,802
405,802,0.6018150231520483,0.7986355100472928,406,803
406,803,0.6018150231520483,0.7986355100472928,407,804
407,804,0.6018150231520483,0.7986355100472928,408,805
408,805,0.6018150231520483,0.7986355100472928,408,806
408,806,0.6156614753256583,0.7880107536067219,409,807
409,807,0.6156614753256583,0.7880107536067219,410,808
410,808,0.6156614753256583,0.7880107536067219,411,809
411,809,0.6156614753256583,0.7880107536067219,412,810
412,810,0.6293203910498374,0.7771459614569709,412,811
412,811,0.6293203910498374,0.7771459614569709,413,812
413,812,0.6293203910498374,0.7771459614569709,414,813
414,813,0.6293203910498374,0.7771459614569709,415,814
415,814,0.6293203910498374,0.7771459614569709,415,815
415,815,0.6427876096865393,0.766044443118978,416,816
416,816,0.6427876096865393,0.766044443118978,417,816
417,816,0.6427876096865393,0.766044443118978,418,817
418,817,0.6427876096865393,0.766044443118978,419,818
419,818,0.6560590289905073,0.754709580222772,419,819
419,819,0.6560590289905073,0.754709580222772,420,820
420,820,0.6560590289905073,0.754709580222772,421,821
421,821,0.6560590289905073,0.754709580222772,422,822
422,822,0.6560590289905073,0.754709580222772,423,823
423,823,0.6691306063588582,0.7431448254773942,424,824
424,824,0.6691306063588582,0.7431448254773942,424,825
424,825,0.6691306063588582,0.7431448254773942,425,826
425,826,0.6691306063588582,0.7431448254773942,426,827
426,827,0.6691306063588582,0.7431448254773942,427,828
427,828,0.6691306063588582,0.7431448254773942,428,829
428,829,0.6819983600624985,0.7313537016191705,429,830
429,830,0.6819983600624985,0.7313537016191705,430,831
430,831,0.6819983600624985,0.7313537016191705,430,831
430,831,0.6819983600624985,0.7313537016191705,431,832
431,832,0.6946583704589973,0.7193398003386512,432,833
432,833,0.6946583704589973,0.7193398003386512,433,834
433,834,0.6946583704589973,0.7193398003386512,434,835
434,835,0.6946583704589973,0.7193398003386512,435,836
435,836,0.6946583704589973,0.7193398003386512,436,837
436,837,0.7071067811865475,0.7071067811865476,437,838
437,838,0.7071067811865475,0.7071067811865476,437,839
437,839,0.7071067811865475,0.7071067811865476,438,839
438,839,0.7071067811865475,0.7071067811865476,439,840
439,840,0.7193398003386511,0.6946583704589973,440,841
440,841,0.7193398003386511,0.6946583704589973,441,842
441,842,0.7193398003386511,0.6946583704589973,442,843
442,843,0.7193398003386511,0.6946583704589973,443,844
443,844,0.7193398003386511,0.6946583704589973,444,845
444,845,0.7313537016191705,0.6819983600624985,445,846
445,846,0.7313537016191705,0.6819983600624985,446,846
446,846,0.7313537016191705,0.6819983600624985,446,847
446,847,0.7313537016191705,0.6819983600624985,447,848
447,848,0.7431448254773942,0.6691306063588582,448,849
448,849,0.7431448254773942,0.6691306063588582,449,850
449,850,0.7431448254773942,0.6691306063588582,450,851
450,851,0.7431448254773942,0.6691306063588582,451,851
451,851,0.7431448254773942,0.6691306063588582,452,852
452,852,0.7431448254773942,0.6691306063588582,453,853
453,853,0.754709580222772,0.6560590289905073,454,854
454,854,0.754709580222772,0.6560590289905073,455,855
455,855,0.754709580222772,0.6560590289905073,456,856
456,856,0.754709580222772,0.6560590289905073,457,856
457,856,0.754709580222772,0.6560590289905073,458,857
458,857,0.766044443118978,0.6427876096865394,459,858
459,858,0.766044443118978,0.6427876096865394,460,859
460,859,0.766044443118978,0.6427876096865394,461,860
461,860,0.766044443118978,0.6427876096865394,462,860
462,860,0.7771459614569709,0.6293203910498375,463,861
463,861,0.7771459614569709,0.6293203910498375,463,862
463,862,0.7771459614569709,0.6293203910498375,464,863
464,863,0.7771459614569709,0.6293203910498375,465,863
465,863,0.7771459614569709,0.6293203910498375,466,864
466,864,0.788010753606722,0.6156614753256583,467,865
467,865,0.788010753606722,0.6156614753256583,468,866
468,866,0.788010753606722,0.6156614753256583,469,867
469,867,0.788010753606722,0.6156614753256583,470,867
470,867,0.7986355100472928,0.6018150231520484,471,868
471,868,0.7986355100472928,0.6018150231520484,472,869
472,869,0.7986355100472928,0.6018150231520484,473,870
473,870,0.7986355100472928,0.6018150231520484,474,870
474,870,0.7986355100472928,0.6018150231520484,475,871
475,871,0.8090169943749475,0.5877852522924731,476,872
476,872,0.8090169943749475,0.5877852522924731,477,873
477,873,0.8090169943749475,0.5877852522924731,478,873
478,873,0.8090169943749475,0.5877852522924731,479,874
479,874,0.8191520442889918,0.5735764363510462,480,875
480,875,0.8191520442889918,0.5735764363510462,481,875
481,875,0.8191520442889918,0.5735764363510462,483,876
483,876,0.8191520442889918,0.5735764363510462,484,877
484,877,0.8191520442889918,0.5735764363510462,485,878
485,878,0.8191520442889918,0.5735764363510462,486,878
486,878,0.8290375725550417,0.5591929034707468,487,879
487,879,0.8290375725550417,0.5591929034707468,488,880
488,880,0.8290375725550417,0.5591929034707468,489,880
489,880,0.8290375725550417,0.5591929034707468,490,881
490,881,0.8290375725550417,0.5591929034707468,491,882
491,882,0.838670567945424,0.5446390350150271,492,882
492,882,0.838670567945424,0.5446390350150271,493,883
493,883,0.838670567945424,0.5446390350150271,494,884
494,884,0.838670567945424,0.5446390350150271,495,884
495,884,0.848048096156426,0.5299192642332049,496,885
496,885,0.848048096156426,0.5299192642332049,497,886
497,886,0.848048096156426,0.5299192642332049,498,886
498,886,0.848048096156426,0.5299192642332049,499,887
499,887,0.848048096156426,0.5299192642332049,500,888
500,888,0.8571673007021123,0.5150380749100542,501,888
501,888,0.8571673007021123,0.5150380749100542,502,889
502,889,0.8571673007021123,0.5150380749100542,504,890
504,890,0.8571673007021123,0.5150380749100542,505,890
505,890,0.8660254037844386,0.5000000000000001,506,891
506,891,0.8660254037844386,0.5000000000000001,507,892
507,892,0.8660254037844386,0.5000000000000001,508,892
508,892,0.8660254037844386,0.5000000000000001,509,893
509,893,0.8660254037844386,0.5000000000000001,510,893
510,893,0.8746197071393957,0.4848096202463371,511,894
511,894,0.8746197071393957,0.4848096202463371,512,895
512,895,0.8746197071393957,0.4848096202463371,513,895
513,895,0.8746197071393957,0.4848096202463371,514,896
514,896,0.8746197071393957,0.4848096202463371,516,896
516,896,0.8746197071393957,0.4848096202463371,517,897
517,897,0.8829475928589269,0.46947156278589086,518,898
518,898,0.8829475928589269,0.46947156278589086,519,898
519,898,0.8829475928589269,0.46947156278589086,520,899
520,899,0.8829475928589269,0.46947156278589086,521,899
521,899,0.8910065241883678,0.4539904997395468,522,900
522,900,0.8910065241883678,0.4539904997395468,523,901
523,901,0.8910065241883678,0.4539904997395468,524,901
524,901,0.8910065241883678,0.4539904997395468,526,902
526,902,0.8910065241883678,0.4539904997395468,527,902
527,902,0.898794046299167,0.43837114678907746,528,903
528,903,0.898794046299167,0.43837114678907746,529,903
529,903,0.898794046299167,0.43837114678907746,530,904
530,904,0.898794046299167,0.43837114678907746,531,904
531,904,0.9063077870366499,0.42261826174069944,532,905
532,905,0.9063077870366499,0.42261826174069944,533,905
533,905,0.9063077870366499,0.42261826174069944,535,906
535,906,0.9063077870366499,0.42261826174069944,536,906
536,906,0.9063077870366499,0.42261826174069944,537,907
537,907,0.9135454576426009,0.4067366430758002,538,908
538,908,0.9135454576426009,0.4067366430758002,539,908
539,908,0.9135454576426009,0.4067366430758002,540,909
540,909,0.9135454576426009,0.4067366430758002,541,909
541,909,0.9205048534524404,0.3907311284892737,543,910
543,910,0.9205048534524404,0.3907311284892737,544,910
544,910,0.9205048534524404,0.3907311284892737,545,911
545,911,0.9205048534524404,0.3907311284892737,546,911
546,911,0.9205048534524404,0.3907311284892737,547,911
547,911,0.9271838545667874,0.37460659341591196,548,912
548,912,0.9271838545667874,0.37460659341591196,550,912
550,912,0.9271838545667874,0.37460659341591196,551,913
551,913,0.9271838545667874,0.37460659341591196,552,913
552,913,0.9271838545667874,0.37460659341591196,553,914
553,914,0.9271838545667874,0.37460659341591196,554,914
554,914,0.9335804264972017,0.3583679495453004,555,915
555,915,0.9335804264972017,0.3583679495453004,556,915
556,915,0.9335804264972017,0.3583679495453004,558,916
558,916,0.9335804264972017,0.3583679495453004,559,916
559,916,0.9396926207859083,0.3420201433256688,560,916
560,916,0.9396926207859083,0.3420201433256688,561,917
561,917,0.9396926207859083,0.3420201433256688,562,917
562,917,0.9396926207859083,0.3420201433256688,564,918
564,918,0.9396926207859083,0.3420201433256688,565,918
565,918,0.9455185755993167,0.32556815445715676,566,919
566,919,0.9455185755993167,0.32556815445715676,567,919
567,919,0.9455185755993167,0.32556815445715676,568,919
568,919,0.9455185755993167,0.32556815445715676,569,920
569,920,0.9510565162951535,0.30901699437494745,571,920
571,920,0.9510565162951535,0.30901699437494745,572,921
572,921,0.9510565162951535,0.30901699437494745,573,921
573,921,0.9510565162951535,0.30901699437494745,574,921
574,921,0.9510565162951535,0.30901699437494745,575,922
575,922,0.9563047559630354,0.29237170472273677,577,922
577,922,0.9563047559630354,0.29237170472273677,578,922
578,922,0.9563047559630354,0.29237170472273677,579,923
579,923,0.9563047559630354,0.29237170472273677,580,923
580,923,0.9612616959383189,0.27563735581699916,581,923
581,923,0.9612616959383189,0.27563735581699916,583,924
583,924,0.9612616959383189,0.27563735581699916,584,924
584,924,0.9612616959383189,0.27563735581699916,585,925
585,925,0.9612616959383189,0.27563735581699916,586,925
586,925,0.9612616959383189,0.27563735581699916,587,925
587,925,0.9659258262890683,0.25881904510252074,589,925
589,925,0.9659258262890683,0.25881904510252074,590,926
590,926,0.9659258262890683,0.25881904510252074,591,926
591,926,0.9659258262890683,0.25881904510252074,592,926
592,926,0.9659258262890683,0.25881904510252074,593,927
593,927,0.9702957262759965,0.24192189559966767,595,927
595,927,0.9702957262759965,0.24192189559966767,596,927
596,927,0.9702957262759965,0.24192189559966767,597,928
597,928,0.9702957262759965,0.24192189559966767,598,928
598,928,0.9743700647852352,0.22495105434386492,600,928
600,928,0.9743700647852352,0.22495105434386492,601,929
601,929,0.9743700647852352,0.22495105434386492,602,929
602,929,0.9743700647852352,0.22495105434386492,603,929
603,929,0.9743700647852352,0.22495105434386492,604,929
604,929,0.9781476007338056,0.20791169081775945,606,930
606,930,0.9781476007338056,0.20791169081775945,607,930
607,930,0.9781476007338056,0.20791169081775945,608,930
608,930,0.9781476007338056,0.20791169081775945,609,930
609,930,0.981627183447664,0.19080899537654492,611,931
611,931,0.981627183447664,0.19080899537654492,612,931
612,931,0.981627183447664,0.19080899537654492,613,931
613,931,0.981627183447664,0.19080899537654492,614,931
614,931,0.981627183447664,0.19080899537654492,615,932
615,932,0.984807753012208,0.17364817766693041,617,932
617,932,0.984807753012208,0.17364817766693041,618,932
618,932,0.984807753012208,0.17364817766693041,619,932
619,932,0.984807753012208,0.17364817766693041,620,932
620,932,0.984807753012208,0.17364817766693041,622,933
622,933,0.984807753012208,0.17364817766693041,623,933
623,933,0.9876883405951378,0.15643446504023092,624,933
624,933,0.9876883405951378,0.15643446504023092,625,933
625,933,0.9876883405951378,0.15643446504023092,627,933
627,933,0.9876883405951378,0.15643446504023092,628,934
628,934,0.9902680687415704,0.13917310096006547,629,934
629,934,0.9902680687415704,0.13917310096006547,630,934
630,934,0.9902680687415704,0.13917310096006547,632,934
632,934,0.9902680687415704,0.13917310096006547,633,934
633,934,0.9902680687415704,0.13917310096006547,634,934
634,934,0.992546151641322,0.12186934340514749,635,935
635,935,0.992546151641322,0.12186934340514749,636,935
636,935,0.992546151641322,0.12186934340514749,638,935
638,935,0.992546151641322,0.12186934340514749,639,935
639,935,0.9945218953682733,0.10452846326765346,640,935
640,935,0.9945218953682733,0.10452846326765346,641,935
641,935,0.9945218953682733,0.10452846326765346,643,935
643,935,0.9945218953682733,0.10452846326765346,644,935
644,935,0.9945218953682733,0.10452846326765346,645,936
645,936,0.9961946980917455,0.08715574274765814,646,936
646,936,0.9961946980917455,0.08715574274765814,648,936
648,936,0.9961946980917455,0.08715574274765814,649,936
649,936,0.9961946980917455,0.08715574274765814,650,936
650,936,0.9975640502598242,0.06975647374412523,651,936
651,936,0.9975640502598242,0.06975647374412523,653,936
653,936,0.9975640502598242,0.06975647374412523,654,936
654,936,0.9975640502598242,0.06975647374412523,655,936
655,936,0.9975640502598242,0.06975647374412523,656,936
656,936,0.9986295347545738,0.052335956242943966,658,937
658,937,0.9986295347545738,0.052335956242943966,659,937
659,937,0.9986295347545738,0.052335956242943966,660,937
660,937,0.9986295347545738,0.052335956242943966,661,937
661,937,0.9986295347545738,0.052335956242943966,663,937
663,937,0.9986295347545738,0.052335956242943966,664,937
664,937,0.9993908270190958,0.03489949670250108,665,937
665,937,0.9993908270190958,0.03489949670250108,666,937
666,937,0.9993908270190958,0.03489949670250108,668,937
668,937,0.9993908270190958,0.03489949670250108,669,937
669,937,0.9998476951563913,0.0174524064372836,670,937
670,937,0.9998476951563913,0.0174524064372836,671,937
671,937,0.9998476951563913,0.0174524064372836,673,937
673,937,0.9998476951563913,0.0174524064372836,674,937
674,937,0.9998476951563913,0.0174524064372836,675,937
675,937,1.0,6.123233995736766e-17,676,937
676,937,1.0,6.123233995736766e-17,678,937
678,937,1.0,6.123233995736766e-17,679,937
679,937,1.0,6.123233995736766e-17,680,937
680,937,0.9998476951563913,-0.017452406437283477,681,937
681,937,0.9998476951563913,-0.017452406437283477,683,937
683,937,0.9998476951563913,-0.017452406437283477,684,937
684,937,0.9998476951563913,-0.017452406437283477,685,937
685,937,0.9998476951563913,-0.017452406437283477,686,937
686,937,0.9993908270190958,-0.034899496702500955,688,937
688,937,0.9993908270190958,-0.034899496702500955,689,937
689,937,0.9993908270190958,-0.034899496702500955,690,937
690,937,0.9993908270190958,-0.034899496702500955,691,937
691,937,0.9986295347545738,-0.05233595624294384,693,937
693,937,0.9986295347545738,-0.05233595624294384,694,937
694,937,0.9986295347545738,-0.05233595624294384,695,937
695,937,0.9986295347545738,-0.05233595624294384,696,936
696,936,0.9986295347545738,-0.05233595624294384,698,936
698,936,0.9986295347545738,-0.05233595624294384,699,936
699,936,0.9975640502598242,-0.06975647374412533,700,936
700,936,0.9975640502598242,-0.06975647374412533,701,936
701,936,0.9975640502598242,-0.06975647374412533,703,936
703,936,0.9975640502598242,-0.06975647374412533,704,936
704,936,0.9975640502598242,-0.06975647374412533,705,936
705,936,0.9961946980917455,-0.08715574274765824,706,936
706,936,0.9961946980917455,-0.08715574274765824,708,936
708,936,0.9961946980917455,-0.08715574274765824,709,935
709,935,0.9961946980917455,-0.08715574274765824,710,935
710,935,0.9945218953682733,-0.10452846326765355,711,935
711,935,0.9945218953682733,-0.10452846326765355,713,935
713,935,0.9945218953682733,-0.10452846326765355,714,935
714,935,0.9945218953682733,-0.10452846326765355,715,935
715,935,0.9945218953682733,-0.10452846326765355,716,935
716,935,0.9925461516413221,-0.12186934340514737,718,935
718,935,0.9925461516413221,-0.12186934340514737,719,934
719,934,0.9925461516413221,-0.12186934340514737,720,934
720,934,0.9925461516413221,-0.12186934340514737,721,934
721,934,0.9902680687415704,-0.13917310096006535,723,934
723,934,0.9902680687415704,-0.13917310096006535,724,934
724,934,0.9902680687415704,-0.13917310096006535,725,934
725,934,0.9902680687415704,-0.13917310096006535,726,933
726,933,0.9902680687415704,-0.13917310096006535,728,933
728,933,0.9876883405951378,-0.1564344650402308,729,933
729,933,0.9876883405951378,-0.1564344650402308,730,933
730,933,0.9876883405951378,-0.1564344650402308,731,933
731,933,0.9876883405951378,-0.1564344650402308,732,932
732,932,0.984807753012208,-0.1736481776669303,734,932
734,932,0.984807753012208,-0.1736481776669303,735,932
735,932,0.984807753012208,-0.1736481776669303,736,932
736,932,0.984807753012208,-0.1736481776669303,737,932
737,932,0.984807753012208,-0.1736481776669303,739,931
739,931,0.984807753012208,-0.1736481776669303,740,931
740,931,0.981627183447664,-0.1908089953765448,741,931
741,931,0.981627183447664,-0.1908089953765448,742,931
742,931,0.981627183447664,-0.1908089953765448,744,930
744,930,0.981627183447664,-0.1908089953765448,745,930
745,930,0.981627183447664,-0.1908089953765448,746,930
746,930,0.9781476007338057,-0.20791169081775934,747,930
747,930,0.9781476007338057,-0.20791169081775934,748,929
748,929,0.9781476007338057,-0.20791169081775934,750,929
750,929,0.9781476007338057,-0.20791169081775934,751,929
751,929,0.9743700647852352,-0.22495105434386503,752,929
752,929,0.9743700647852352,-0.22495105434386503,753,928
753,928,0.9743700647852352,-0.22495105434386503,755,928
755,928,0.9743700647852352,-0.22495105434386503,756,928
756,928,0.9743700647852352,-0.22495105434386503,757,927
757,927,0.9702957262759965,-0.24192189559966779,758,927
758,927,0.9702957262759965,-0.24192189559966779,759,927
759,927,0.9702957262759965,-0.24192189559966779,761,926
761,926,0.9702957262759965,-0.24192189559966779,762,926
762,926,0.9659258262890683,-0.25881904510252085,763,926
763,926,0.9659258262890683,-0.25881904510252085,764,925
764,925,0.9659258262890683,-0.25881904510252085,765,925
765,925,0.9659258262890683,-0.25881904510252085,767,925
767,925,0.9659258262890683,-0.25881904510252085,768,925
768,925,0.9612616959383189,-0.27563735581699905,769,924
769,924,0.9612616959383189,-0.27563735581699905,770,924
770,924,0.9612616959383189,-0.27563735581699905,771,923
771,923,0.9612616959383189,-0.27563735581699905,773,923
773,923,0.9612616959383189,-0.27563735581699905,774,923
774,923,0.9612616959383189,-0.27563735581699905,775,922
775,922,0.9563047559630355,-0.29237170472273666,776,922
776,922,0.9563047559630355,-0.29237170472273666,777,922
777,922,0.9563047559630355,-0.29237170472273666,779,921
779,921,0.9563047559630355,-0.29237170472273666,780,921
780,921,0.9510565162951536,-0.30901699437494734,781,921
781,921,0.9510565162951536,-0.30901699437494734,782,920
782,920,0.9510565162951536,-0.30901699437494734,783,920
783,920,0.9510565162951536,-0.30901699437494734,785,919
785,919,0.9510565162951536,-0.30901699437494734,786,919
786,919,0.9455185755993168,-0.32556815445715664,787,919
787,919,0.9455185755993168,-0.32556815445715664,788,918
788,918,0.9455185755993168,-0.32556815445715664,789,918
789,918,0.9455185755993168,-0.32556815445715664,791,917
791,917,0.9396926207859084,-0.3420201433256687,792,917
792,917,0.9396926207859084,-0.3420201433256687,793,916
793,916,0.9396926207859084,-0.3420201433256687,794,916
794,916,0.9396926207859084,-0.3420201433256687,795,916
795,916,0.9396926207859084,-0.3420201433256687,796,915
796,915,0.9335804264972017,-0.35836794954530027,798,915
798,915,0.9335804264972017,-0.35836794954530027,799,914
799,914,0.9335804264972017,-0.35836794954530027,800,914
800,914,0.9335804264972017,-0.35836794954530027,801,913
801,913,0.9271838545667874,-0.37460659341591207,802,913
802,913,0.9271838545667874,-0.37460659341591207,803,912
803,912,0.9271838545667874,-0.37460659341591207,805,912
805,912,0.9271838545667874,-0.37460659341591207,806,911
806,911,0.9271838545667874,-0.37460659341591207,807,911
807,911,0.9205048534524403,-0.39073112848927377,808,910
808,910,0.9205048534524403,-0.39073112848927377,809,910
809,910,0.9205048534524403,-0.39073112848927377,810,910
810,910,0.9205048534524403,-0.39073112848927377,811,909
811,909,0.9205048534524403,-0.39073112848927377,813,909
813,909,0.9205048534524403,-0.39073112848927377,814,908
814,908,0.9135454576426009,-0.40673664307580026,815,908
815,908,0.9135454576426009,-0.40673664307580026,816,907
816,907,0.9135454576426009,-0.40673664307580026,817,906
817,906,0.9135454576426009,-0.40673664307580026,818,906
818,906,0.90630778703665,-0.42261826174069933,819,905
819,905,0.90630778703665,-0.42261826174069933,821,905
821,905,0.90630778703665,-0.42261826174069933,822,904
822,904,0.90630778703665,-0.42261826174069933,823,904
823,904,0.90630778703665,-0.42261826174069933,824,903
824,903,0.8987940462991669,-0.4383711467890775,825,903
825,903,0.8987940462991669,-0.4383711467890775,826,902
826,902,0.8987940462991669,-0.4383711467890775,827,902
827,902,0.8987940462991669,-0.4383711467890775,828,901
828,901,0.8910065241883679,-0.4539904997395467,830,901
830,901,0.8910065241883679,-0.4539904997395467,831,900
831,900,0.8910065241883679,-0.4539904997395467,832,899
832,899,0.8910065241883679,-0.4539904997395467,833,899
833,899,0.8910065241883679,-0.4539904997395467,834,898
834,898,0.8829475928589269,-0.4694715627858909,835,898
835,898,0.8829475928589269,-0.4694715627858909,836,897
836,897,0.8829475928589269,-0.4694715627858909,837,896
837,896,0.8829475928589269,-0.4694715627858909,838,896
838,896,0.8746197071393959,-0.484809620246337,840,895
840,895,0.8746197071393959,-0.484809620246337,841,895
841,895,0.8746197071393959,-0.484809620246337,842,894
842,894,0.8746197071393959,-0.484809620246337,843,893
843,893,0.8746197071393959,-0.484809620246337,844,893
844,893,0.8746197071393959,-0.484809620246337,845,892
845,892,0.8660254037844387,-0.4999999999999998,846,892
846,892,0.8660254037844387,-0.4999999999999998,847,891
847,891,0.8660254037844387,-0.4999999999999998,848,890
848,890,0.8660254037844387,-0.4999999999999998,849,890
849,890,0.8660254037844387,-0.4999999999999998,850,889
850,889,0.8571673007021123,-0.5150380749100543,851,888
851,888,0.8571673007021123,-0.5150380749100543,853,888
853,888,0.8571673007021123,-0.5150380749100543,854,887
854,887,0.8571673007021123,-0.5150380749100543,855,886
855,886,0.8480480961564261,-0.5299192642332048,856,886
856,886,0.8480480961564261,-0.5299192642332048,857,885
857,885,0.8480480961564261,-0.5299192642332048,858,884
858,884,0.8480480961564261,-0.5299192642332048,859,884
859,884,0.8480480961564261,-0.5299192642332048,860,883
860,883,0.8386705679454239,-0.5446390350150271,861,882
861,882,0.8386705679454239,-0.5446390350150271,862,882
862,882,0.8386705679454239,-0.5446390350150271,863,881
863,881,0.8386705679454239,-0.5446390350150271,864,880
864,880,0.8290375725550417,-0.5591929034707467,865,880
865,880,0.8290375725550417,-0.5591929034707467,866,879
866,879,0.8290375725550417,-0.5591929034707467,867,878
867,878,0.8290375725550417,-0.5591929034707467,868,878
868,878,0.8290375725550417,-0.5591929034707467,869,877
869,877,0.8191520442889917,-0.5735764363510462,870,876
870,876,0.8191520442889917,-0.5735764363510462,871,875
871,875,0.8191520442889917,-0.5735764363510462,872,875
872,875,0.8191520442889917,-0.5735764363510462,873,874
873,874,0.8191520442889917,-0.5735764363510462,874,873
874,873,0.8191520442889917,-0.5735764363510462,875,873
875,873,0.8090169943749475,-0.587785252292473,876,872
876,872,0.8090169943749475,-0.587785252292473,877,871
877,871,0.8090169943749475,-0.587785252292473,878,870
878,870,0.8090169943749475,-0.587785252292473,879,870
879,870,0.7986355100472927,-0.6018150231520484,880,869
880,869,0.7986355100472927,-0.6018150231520484,881,868
881,868,0.7986355100472927,-0.6018150231520484,882,867
882,867,0.7986355100472927,-0.6018150231520484,883,867
883,867,0.7986355100472927,-0.6018150231520484,884,866
884,866,0.788010753606722,-0.6156614753256583,885,865
885,865,0.788010753606722,-0.6156614753256583,886,864
886,864,0.788010753606722,-0.6156614753256583,887,863
887,863,0.788010753606722,-0.6156614753256583,888,863
888,863,0.777145961456971,-0.6293203910498373,889,862
889,862,0.777145961456971,-0.6293203910498373,890,861
890,861,0.777145961456971,-0.6293203910498373,891,860
891,860,0.777145961456971,-0.6293203910498373,892,860
892,860,0.777145961456971,-0.6293203910498373,893,859
893,859,0.766044443118978,-0.6427876096865394,894,858
894,858,0.766044443118978,-0.6427876096865394,895,857
895,857,0.766044443118978,-0.6427876096865394,896,856
896,856,0.766044443118978,-0.6427876096865394,897,856
897,856,0.7547095802227721,-0.6560590289905072,898,855
898,855,0.7547095802227721,-0.6560590289905072,899,854
899,854,0.7547095802227721,-0.6560590289905072,900,853
900,853,0.7547095802227721,-0.6560590289905072,901,852
901,852,0.7547095802227721,-0.6560590289905072,902,851
902,851,0.7431448254773942,-0.6691306063588582,903,851
903,851,0.7431448254773942,-0.6691306063588582,904,850
904,850,0.7431448254773942,-0.6691306063588582,905,849
905,849,0.7431448254773942,-0.6691306063588582,905,848
905,848,0.7431448254773942,-0.6691306063588582,906,847
906,847,0.7431448254773942,-0.6691306063588582,907,846
907,846,0.7313537016191706,-0.6819983600624984,908,846
908,846,0.7313537016191706,-0.6819983600624984,909,845
909,845,0.7313537016191706,-0.6819983600624984,910,844
910,844,0.7313537016191706,-0.6819983600624984,911,843
911,843,0.7193398003386511,-0.6946583704589974,912,842
912,842,0.7193398003386511,-0.6946583704589974,913,841
913,841,0.7193398003386511,-0.6946583704589974,914,840
914,840,0.7193398003386511,-0.6946583704589974,915,839
915,839,0.7193398003386511,-0.6946583704589974,915,839
915,839,0.7071067811865476,-0.7071067811865475,916,838
916,838,0.7071067811865476,-0.7071067811865475,917,837
917,837,0.7071067811865476,-0.7071067811865475,918,836
918,836,0.7071067811865476,-0.7071067811865475,919,835
919,835,0.6946583704589971,-0.7193398003386512,920,834
920,834,0.6946583704589971,-0.7193398003386512,921,833
921,833,0.6946583704589971,-0.7193398003386512,922,832
922,832,0.6946583704589971,-0.7193398003386512,922,831
922,831,0.6946583704589971,-0.7193398003386512,923,830
923,830,0.6819983600624986,-0.7313537016191705,924,830
924,830,0.6819983600624986,-0.7313537016191705,925,829
925,829,0.6819983600624986,-0.7313537016191705,926,828
926,828,0.6819983600624986,-0.7313537016191705,927,827
927,827,0.6691306063588583,-0.743144825477394,928,826
928,826,0.6691306063588583,-0.743144825477394,928,825
928,825,0.6691306063588583,-0.743144825477394,929,824
929,824,0.6691306063588583,-0.743144825477394,930,823
930,823,0.6691306063588583,-0.743144825477394,931,822
931,822,0.6691306063588583,-0.743144825477394,932,821
932,821,0.6560590289905073,-0.754709580222772,933,820
933,820,0.6560590289905073,-0.754709580222772,933,819
933,819,0.6560590289905073,-0.754709580222772,934,818
934,818,0.6560590289905073,-0.754709580222772,935,817
935,817,0.6560590289905073,-0.754709580222772,936,816
936,816,0.6427876096865395,-0.7660444431189779,937,816
937,816,0.6427876096865395,-0.7660444431189779,937,815
937,815,0.6427876096865395,-0.7660444431189779,938,814
938,814,0.6427876096865395,-0.7660444431189779,939,813
939,813,0.6293203910498374,-0.7771459614569709,940,812
940,812,0.6293203910498374,-0.7771459614569709,941,811
941,811,0.6293203910498374,-0.7771459614569709,941,810
941,810,0.6293203910498374,-0.7771459614569709,942,809
942,809,0.6293203910498374,-0.7771459614569709,943,808
943,808,0.6156614753256584,-0.7880107536067219,944,807
944,807,0.6156614753256584,-0.7880107536067219,944,806
944,806,0.6156614753256584,-0.7880107536067219,945,805
945,805,0.6156614753256584,-0.7880107536067219,946,804
946,804,0.6018150231520482,-0.7986355100472929,947,803
947,803,0.6018150231520482,-0.7986355100472929,948,802
948,802,0.6018150231520482,-0.7986355100472929,948,801
948,801,0.6018150231520482,-0.7986355100472929,949,800
949,800,0.6018150231520482,-0.7986355100472929,950,799
950,799,0.5877852522924732,-0.8090169943749473,950,798
950,798,0.5877852522924732,-0.8090169943749473,951,797
951,797,0.0,-0.0,952,796
952,796,0.0,-0.0,953,795
953,795,0.0,-0.0,953,794
953,794,0.0,-0.0,954,793
954,793,0.0,-0.0,955,792
955,792,0.0,-0.0,956,791
956,791,0.0,-0.0,956,790
956,790,0.0,-0.0,957,789
957,789,0.0,-0.0,958,788
958,788,0.0,-0.0,958,787
958,787,0.0,-0.0,959,785
959,785,0.0,-0.0,960,784
960,784,0.0,-0.0,960,783
960,783,0.0,-0.0,961,782
961,782,0.0,-0.0,962,781
962,781,0.0,-0.0,962,780
962,780,0.0,-0.0,963,779
963,779,0.0,-0.0,964,778
964,778,0.0,-0.0,964,777
964,777,0.0,-0.0,965,776
965,776,0.0,-0.0,966,775
966,775,0.0,-0.0,966,774
966,774,0.0,-0.0,967,773
967,773,0.0,-0.0,968,772
968,772,0.0,-0.0,968,771
968,771,0.0,-0.0,969,770
969,770,0.0,-0.0,970,768
970,768,0.0,-0.0,970,767
970,767,0.0,-0.0,971,766
971,766,0.0,-0.0,972,765
972,765,0.0,-0.0,972,764
972,764,0.0,-0.0,973,763
973,763,0.0,-0.0,973,762
973,762,0.0,-0.0,974,761
974,761,0.0,-0.0,975,760
975,760,0.0,-0.0,975,759
975,759,0.0,-0.0,976,758
976,758,0.0,-0.0,976,756
976,756,0.0,-0.0,977,755
977,755,0.0,-0.0,977,754
977,754,0.0,-0.0,978,753
978,753,0.0,-0.0,979,752
979,752,0.0,-0.0,979,751
979,751,0.0,-0.0,980,750
980,750,0.0,-0.0,980,749
980,749,0.0,-0.0,981,748
981,748,0.0,-0.0,981,746
981,746,0.0,-0.0,982,745
982,745,0.0,-0.0,983,744
983,744,0.0,-0.0,983,743
983,743,0.0,-0.0,984,742
984,742,0.0,-0.0,984,741
984,741,0.0,-0.0,985,740
985,740,0.0,-0.0,985,738
985,738,0.0,-0.0,986,737
986,737,0.0,-0.0,986,736
986,736,0.0,-0.0,987,735
987,735,0.0,-0.0,987,734
987,734,0.0,-0.0,988,733
988,733,0.0,-0.0,988,732
988,732,0.0,-0.0,989,730
989,730,0.0,-0.0,989,729
989,729,0.0,-0.0,990,728
990,728,0.0,-0.0,990,727
990,727,0.0,-0.0,991,726
991,726,0.0,-0.0,991,725
991,725,0.0,-0.0,992,724
992,724,0.0,-0.0,992,722
992,722,0.0,-0.0,992,721
992,721,0.0,-0.0,993,720
993,720,0.0,-0.0,993,719
993,719,0.0,-0.0,994,718
994,718,0.0,-0.0,994,717
994,717,0.0,-0.0,995,715
995,715,0.0,-0.0,995,714
995,714,0.0,-0.0,996,713
996,713,0.0,-0.0,996,712
996,712,0.0,-0.0,996,711
996,711,0.0,-0.0,997,709
997,709,0.0,-0.0,997,708
997,708,0.0,-0.0,998,707
998,707,0.0,-0.0,998,706
998,706,0.0,-0.0,998,705
998,705,0.0,-0.0,999,704
999,704,0.0,-0.0,999,702
999,702,0.0,-0.0,1000,701
1000,701,0.0,-0.0,1000,700
1000,700,0.0,-0.0,1000,699
1000,699,0.0,-0.0,1001,698
1001,698,0.0,-0.0,1001,696
1001,696,0.0,-0.0,1001,695
1001,695,0.0,-0.0,1002,694
1002,694,0.0,-0.0,1002,693
1002,693,0.0,-0.0,1002,692
1002,692,0.0,-0.0,1003,690
1003,690,0.0,-0.0,1003,689
1003,689,0.0,-0.0,1004,688
1004,688,0.0,-0.0,1004,687
1004,687,0.0,-0.0,1004,686
1004,686,0.0,-0.0,1004,684
1004,684,0.0,-0.0,1005,683
1005,683,0.0,-0.0,1005,682
1005,682,0.0,-0.0,1005,681
1005,681,0.0,-0.0,1006,680
1006,680,0.0,-0.0,1006,678
1006,678,0.0,-0.0,1006,677
1006,677,0.0,-0.0,1007,676
1007,676,0.0,-0.0,1007,675
1007,675,0.0,-0.0,1007,673
1007,673,0.0,-0.0,1007,672
1007,672,0.0,-0.0,1008,671
1008,671,0.0,-0.0,1008,670
1008,670,0.0,-0.0,1008,669
1008,669,0.0,-0.0,1009,667
1009,667,0.0,-0.0,1009,666
1009,666,0.0,-0.0,1009,665
1009,665,0.0,-0.0,1009,664
1009,664,0.0,-0.0,1010,662
1010,662,0.0,-0.0,1010,661
1010,661,0.0,-0.0,1010,660
1010,660,0.0,-0.0,1010,659
1010,659,0.0,-0.0,1010,657
1010,657,0.0,-0.0,1011,656
1011,656,0.0,-0.0,1011,655
1011,655,0.0,-0.0,1011,654
1011,654,0.0,-0.0,1011,653
1011,653,0.0,-0.0,1011,651
1011,651,0.0,-0.0,1012,650
1012,650,0.0,-0.0,1012,649
1012,649,0.0,-0.0,1012,648
1012,648,0.0,-0.0,1012,646
1012,646,0.0,-0.0,1012,645
1012,645,0.0,-0.0,1013,644
1013,644,0.0,-0.0,1013,643
1013,643,0.0,-0.0,1013,641
1013,641,0.0,-0.0,1013,640
1013,640,0.0,-0.0,1013,639
1013,639,0.0,-0.0,1013,638
1013,638,0.0,-0.0,1014,636
1014,636,0.0,-0.0,1014,635
1014,635,0.0,-0.0,1014,634
1014,634,0.0,-0.0,1014,633
1014,633,0.0,-0.0,1014,631
1014,631,0.0,-0.0,1014,630
1014,630,0.0,-0.0,1014,629
1014,629,0.0,-0.0,1014,628
1014,628,0.0,-0.0,1014,627
1014,627,0.0,-0.0,1015,625
1015,625,0.0,-0.0,1015,624
1015,624,0.0,-0.0,1015,623
1015,623,0.0,-0.0,1015,622
1015,622,0.0,-0.0,1015,620
1015,620,0.0,-0.0,1015,619
1015,619,0.0,-0.0,1015,618
1015,618,0.0,-0.0,1015,617
1015,617,0.0,-0.0,1015,615
1015,615,0.0,-0.0,1015,614
1015,614,0.0,-0.0,1015,613
1015,613,0.0,-0.0,1015,612
1015,612,0.0,-0.0,1015,610
1015,610,0.0,-0.0,1016,609
1016,609,0.0,-0.0,1016,608
1016,608,0.0,-0.0,1016,607
1016,607,0.0,-0.0,1016,605
1016,605,0.0,-0.0,1016,604
1016,604,0.0,-0.0,1016,603
1016,603,0.0,-0.0,1016,602
1016,602,0.0,-0.0,1016,600
1016,600,0.0,-0.0,1016,599
1016,599,0.0,-0.0,1016,598
