,_psi_cos,_psi_sin,height,psi,speed,vx,vy,x,y
0,0.342020143325669,-0.9396926207859083,11308,290,1,-0.9396926207859083,0.342020143325669,512,151
1,0.342020143325669,-0.9396926207859083,10989,290,1,-0.9396926207859083,0.342020143325669,511,151
2,0.342020143325669,-0.9396926207859083,10798,290,1,-0.9396926207859083,0.342020143325669,510,152
3,0.342020143325669,-0.9396926207859083,10677,290,1,-0.9396926207859083,0.342020143325669,508,152
4,0.342020143325669,-0.9396926207859083,10744,290,1,-0.9396926207859083,0.342020143325669,507,153
5,0.342020143325669,-0.9396926207859083,10809,290,1,-0.9396926207859083,0.342020143325669,506,153
6,0.342020143325669,-0.9396926207859083,11022,290,1,-0.9396926207859083,0.342020143325669,505,153
7,0.342020143325669,-0.9396926207859083,10671,290,1,-0.9396926207859083,0.342020143325669,504,154
8,0.342020143325669,-0.9396926207859083,10457,290,1,-0.9396926207859083,0.342020143325669,502,154
9,0.342020143325669,-0.9396926207859083,10425,290,1,-0.9396926207859083,0.342020143325669,501,155
10,0.342020143325669,-0.9396926207859083,10470,290,1,-0.9396926207859083,0.342020143325669,500,155
11,0.342020143325669,-0.9396926207859083,10565,290,1,-0.9396926207859083,0.342020143325669,499,156
12,0.3583679495453004,-0.9335804264972017,10649,291,2,-1.8671608529944035,0.7167358990906008,497,156
13,0.3583679495453004,-0.9335804264972017,10908,291,2,-1.8671608529944035,0.7167358990906008,494,157
14,0.3583679495453004,-0.9335804264972017,10877,291,2,-1.8671608529944035,0.7167358990906008,492,158
15,0.3583679495453004,-0.9335804264972017,11936,291,2,-1.8671608529944035,0.7167358990906008,489,159
16,0.3583679495453004,-0.9335804264972017,10991,291,2,-1.8671608529944035,0.7167358990906008,487,160
17,0.3583679495453004,-0.9335804264972017,11164,291,2,-1.8671608529944035,0.7167358990906008,485,161
18,0.3583679495453004,-0.9335804264972017,11351,291,2,-1.8671608529944035,0.7167358990906008,482,162
19,0.3583679495453004,-0.9335804264972017,11581,291,2,-1.8671608529944035,0.7167358990906008,480,163
20,0.3583679495453004,-0.9335804264972017,11765,291,2,-1.8671608529944035,0.7167358990906008,478,164
21,0.3583679495453004,-0.9335804264972017,11634,291,2,-1.8671608529944035,0.7167358990906008,475,165
22,0.3583679495453004,-0.9335804264972017,11352,291,2,-1.8671608529944035,0.7167358990906008,473,165
23,0.3583679495453004,-0.9335804264972017,11448,291,2,-1.8671608529944035,0.7167358990906008,471,166
24,0.3583679495453004,-0.9335804264972017,11489,291,2,-1.8671608529944035,0.7167358990906008,468,167
25,0.37460659341591196,-0.9271838545667874,11879,292,3,-2.7815515637003623,1.1238197802477359,465,169
26,0.37460659341591196,-0.9271838545667874,12002,292,3,-2.7815515637003623,1.1238197802477359,461,170
27,0.37460659341591196,-0.9271838545667874,12309,292,3,-2.7815515637003623,1.1238197802477359,458,172
28,0.37460659341591196,-0.9271838545667874,12340,292,3,-2.7815515637003623,1.1238197802477359,454,173
29,0.37460659341591196,-0.9271838545667874,12792,292,3,-2.7815515637003623,1.1238197802477359,451,174
30,0.37460659341591196,-0.9271838545667874,12835,292,3,-2.7815515637003623,1.1238197802477359,447,176
31,0.37460659341591196,-0.9271838545667874,12443,292,3,-2.7815515637003623,1.1238197802477359,444,177
32,0.3907311284892735,-0.9205048534524405,12477,293,4,-3.682019413809762,1.562924513957094,439,179
33,0.3907311284892735,-0.9205048534524405,12884,293,4,-3.682019413809762,1.562924513957094,435,181
34,0.3907311284892735,-0.9205048534524405,12820,293,4,-3.682019413809762,1.562924513957094,430,183
35,0.3907311284892735,-0.9205048534524405,12794,293,4,-3.682019413809762,1.562924513957094,425,185
36,0.3907311284892735,-0.9205048534524405,13116,293,4,-3.682019413809762,1.562924513957094,421,187
37,0.3907311284892735,-0.9205048534524405,11982,293,4,-3.682019413809762,1.562924513957094,416,189
38,0.40673664307579976,-0.9135454576426011,12071,294,4,-3.6541818305704044,1.626946572303199,411,191
39,0.40673664307579976,-0.9135454576426011,11415,294,4,-3.6541818305704044,1.626946572303199,407,193
40,0.40673664307579976,-0.9135454576426011,11384,294,4,-3.6541818305704044,1.626946572303199,402,195
41,0.40673664307579976,-0.9135454576426011,11455,294,4,-3.6541818305704044,1.626946572303199,398,197
42,0.4226182617406996,-0.9063077870366498,11907,295,4,-3.6252311481465993,1.6904730469627984,393,199
43,0.4226182617406996,-0.9063077870366498,11984,295,4,-3.6252311481465993,1.6904730469627984,388,201
44,0.4226182617406996,-0.9063077870366498,12078,295,4,-3.6252311481465993,1.6904730469627984,384,204
45,0.4226182617406996,-0.9063077870366498,11997,295,4,-3.6252311481465993,1.6904730469627984,379,206
46,0.4226182617406996,-0.9063077870366498,12136,295,4,-3.6252311481465993,1.6904730469627984,375,208
47,0.4383711467890774,-0.898794046299167,12766,296,4,-3.595176185196668,1.7534845871563096,370,210
48,0.4383711467890774,-0.898794046299167,12624,296,4,-3.595176185196668,1.7534845871563096,366,212
49,0.4383711467890774,-0.898794046299167,13856,296,4,-3.595176185196668,1.7534845871563096,361,214
50,0.4383711467890774,-0.898794046299167,19285,296,4,-3.595176185196668,1.7534845871563096,357,217
51,0.45399049973954664,-0.891006524188368,15295,297,4,-3.564026096753472,1.8159619989581866,352,219
52,0.45399049973954664,-0.891006524188368,14217,297,4,-3.564026096753472,1.8159619989581866,348,221
53,0.45399049973954664,-0.891006524188368,12517,297,4,-3.564026096753472,1.8159619989581866,343,224
54,0.45399049973954664,-0.891006524188368,11936,297,4,-3.564026096753472,1.8159619989581866,339,226
55,0.4694715627858904,-0.8829475928589271,12065,298,4,-3.5317903714357084,1.8778862511435617,334,228
56,0.4694715627858904,-0.8829475928589271,11882,298,4,-3.5317903714357084,1.8778862511435617,330,231
57,0.4694715627858904,-0.8829475928589271,11788,298,4,-3.5317903714357084,1.8778862511435617,325,233
58,0.4848096202463373,-0.8746197071393956,12083,299,4,-3.4984788285575825,1.9392384809853491,321,235
59,0.4848096202463373,-0.8746197071393956,12328,299,4,-3.4984788285575825,1.9392384809853491,316,238
60,0.4848096202463373,-0.8746197071393956,12635,299,4,-3.4984788285575825,1.9392384809853491,312,240
61,0.4848096202463373,-0.8746197071393956,13013,299,4,-3.4984788285575825,1.9392384809853491,308,243
62,0.5000000000000001,-0.8660254037844386,12764,300,4,-3.4641016151377544,2.0000000000000004,303,245
63,0.5000000000000001,-0.8660254037844386,13072,300,4,-3.4641016151377544,2.0000000000000004,299,248
64,0.5000000000000001,-0.8660254037844386,13426,300,4,-3.4641016151377544,2.0000000000000004,295,250
65,0.5150380749100542,-0.8571673007021123,13899,301,4,-3.4286692028084493,2.0601522996402166,290,253
66,0.5150380749100542,-0.8571673007021123,14292,301,4,-3.4286692028084493,2.0601522996402166,286,255
67,0.5299192642332047,-0.8480480961564261,14602,302,4,-3.3921923846257043,2.1196770569328187,282,258
68,0.5299192642332047,-0.8480480961564261,15064,302,4,-3.3921923846257043,2.1196770569328187,277,261
69,0.5299192642332047,-0.8480480961564261,15765,302,4,-3.3921923846257043,2.1196770569328187,273,263
70,0.5446390350150266,-0.8386705679454243,21313,303,3,-2.5160117038362726,1.63391710504508,270,266
71,0.5446390350150266,-0.8386705679454243,28667,303,3,-2.5160117038362726,1.63391710504508,267,268
72,0.5446390350150266,-0.8386705679454243,32119,303,3,-2.5160117038362726,1.63391710504508,264,270
73,0.559192903470747,-0.8290375725550416,36038,304,4,-3.3161502902201665,2.236771613882988,259,272
74,0.559192903470747,-0.8290375725550416,38089,304,4,-3.3161502902201665,2.236771613882988,255,275
75,0.559192903470747,-0.8290375725550416,39020,304,4,-3.3161502902201665,2.236771613882988,251,278
76,0.573576436351046,-0.8191520442889918,40327,305,3,-2.4574561328669753,1.7207293090531381,248,280
77,0.573576436351046,-0.8191520442889918,39386,305,3,-2.4574561328669753,1.7207293090531381,245,282
78,0.5877852522924729,-0.8090169943749476,39042,306,2,-1.6180339887498951,1.1755705045849458,242,285
79,0.5877852522924729,-0.8090169943749476,39559,306,2,-1.6180339887498951,1.1755705045849458,240,286
80,0.5877852522924729,-0.8090169943749476,40658,306,2,-1.6180339887498951,1.1755705045849458,238,288
81,0.5877852522924729,-0.8090169943749476,41749,306,2,-1.6180339887498951,1.1755705045849458,236,289
82,0.6018150231520479,-0.798635510047293,42545,307,1,-0.798635510047293,0.6018150231520479,235,290
83,0.6018150231520479,-0.798635510047293,43384,307,1,-0.798635510047293,0.6018150231520479,234,291
84,0.6018150231520479,-0.798635510047293,43465,307,1,-0.798635510047293,0.6018150231520479,233,291
85,0.6018150231520479,-0.798635510047293,44153,307,1,-0.798635510047293,0.6018150231520479,232,292
86,0.6018150231520479,-0.798635510047293,44523,307,1,-0.798635510047293,0.6018150231520479,231,293
87,0.6018150231520479,-0.798635510047293,44237,307,1,-0.798635510047293,0.6018150231520479,230,294
88,0.6018150231520479,-0.798635510047293,44250,307,1,-0.798635510047293,0.6018150231520479,229,294
89,0.6018150231520479,-0.798635510047293,44684,307,1,-0.798635510047293,0.6018150231520479,228,295
90,0.6156614753256585,-0.7880107536067218,44727,308,1,-0.7880107536067218,0.6156614753256585,227,296
91,0.6156614753256585,-0.7880107536067218,44658,308,1,-0.7880107536067218,0.6156614753256585,226,297
92,0.6156614753256585,-0.7880107536067218,44387,308,1,-0.7880107536067218,0.6156614753256585,225,297
93,0.6156614753256585,-0.7880107536067218,44383,308,1,-0.7880107536067218,0.6156614753256585,224,298
94,0.6156614753256585,-0.7880107536067218,44980,308,1,-0.7880107536067218,0.6156614753256585,223,299
95,0.6156614753256585,-0.7880107536067218,45592,308,1,-0.7880107536067218,0.6156614753256585,222,300
96,0.6156614753256585,-0.7880107536067218,45630,308,1,-0.7880107536067218,0.6156614753256585,221,301
97,0.6293203910498375,-0.7771459614569708,45622,309,1,-0.7771459614569708,0.6293203910498375,220,301
98,0.6293203910498375,-0.7771459614569708,45346,309,1,-0.7771459614569708,0.6293203910498375,219,302
99,0.6293203910498375,-0.7771459614569708,45111,309,1,-0.7771459614569708,0.6293203910498375,218,303
100,0.6293203910498375,-0.7771459614569708,44884,309,1,-0.7771459614569708,0.6293203910498375,217,304
101,0.6293203910498375,-0.7771459614569708,44777,309,1,-0.7771459614569708,0.6293203910498375,216,304
102,0.6293203910498375,-0.7771459614569708,44671,309,1,-0.7771459614569708,0.6293203910498375,215,305
103,0.6293203910498375,-0.7771459614569708,44877,309,1,-0.7771459614569708,0.6293203910498375,214,306
104,0.6293203910498375,-0.7771459614569708,45190,309,1,-0.7771459614569708,0.6293203910498375,213,307
105,0.6427876096865393,-0.7660444431189781,45794,310,1,-0.7660444431189781,0.6427876096865393,212,308
106,0.6427876096865393,-0.7660444431189781,45640,310,1,-0.7660444431189781,0.6427876096865393,211,308
107,0.6427876096865393,-0.7660444431189781,44908,310,1,-0.7660444431189781,0.6427876096865393,210,309
108,0.6427876096865393,-0.7660444431189781,44873,310,1,-0.7660444431189781,0.6427876096865393,209,310
109,0.6427876096865393,-0.7660444431189781,44555,310,1,-0.7660444431189781,0.6427876096865393,208,311
110,0.6427876096865393,-0.7660444431189781,43686,310,1,-0.7660444431189781,0.6427876096865393,207,312
111,0.656059028990507,-0.7547095802227722,44013,311,1,-0.7547095802227722,0.656059028990507,206,313
112,0.656059028990507,-0.7547095802227722,43875,311,1,-0.7547095802227722,0.656059028990507,205,313
113,0.656059028990507,-0.7547095802227722,44223,311,1,-0.7547095802227722,0.656059028990507,204,314
114,0.656059028990507,-0.7547095802227722,44953,311,1,-0.7547095802227722,0.656059028990507,203,315
115,0.656059028990507,-0.7547095802227722,47239,311,1,-0.7547095802227722,0.656059028990507,202,316
116,0.656059028990507,-0.7547095802227722,50420,311,1,-0.7547095802227722,0.656059028990507,201,317
117,0.656059028990507,-0.7547095802227722,52018,311,1,-0.7547095802227722,0.656059028990507,200,318
118,0.6691306063588578,-0.7431448254773946,48602,312,1,-0.7431448254773946,0.6691306063588578,199,318
119,0.6691306063588578,-0.7431448254773946,48978,312,1,-0.7431448254773946,0.6691306063588578,199,319
120,0.6691306063588578,-0.7431448254773946,46487,312,1,-0.7431448254773946,0.6691306063588578,198,320
121,0.6691306063588578,-0.7431448254773946,44155,312,1,-0.7431448254773946,0.6691306063588578,197,321
122,0.6691306063588578,-0.7431448254773946,41161,312,1,-0.7431448254773946,0.6691306063588578,196,322
123,0.6691306063588578,-0.7431448254773946,38857,312,1,-0.7431448254773946,0.6691306063588578,195,323
124,0.6819983600624986,-0.7313537016191703,36079,313,1,-0.7313537016191703,0.6819983600624986,194,323
125,0.6819983600624986,-0.7313537016191703,33946,313,1,-0.7313537016191703,0.6819983600624986,193,324
126,0.6819983600624986,-0.7313537016191703,33829,313,1,-0.7313537016191703,0.6819983600624986,192,325
127,0.6819983600624986,-0.7313537016191703,33089,313,1,-0.7313537016191703,0.6819983600624986,191,326
128,0.6819983600624986,-0.7313537016191703,31431,313,1,-0.7313537016191703,0.6819983600624986,190,327
129,0.6819983600624986,-0.7313537016191703,30572,313,1,-0.7313537016191703,0.6819983600624986,189,328
130,0.6946583704589973,-0.7193398003386511,29738,314,1,-0.7193398003386511,0.6946583704589973,188,329
131,0.6946583704589973,-0.7193398003386511,29568,314,1,-0.7193398003386511,0.6946583704589973,187,329
132,0.6946583704589973,-0.7193398003386511,29523,314,1,-0.7193398003386511,0.6946583704589973,187,330
133,0.6946583704589973,-0.7193398003386511,29622,314,1,-0.7193398003386511,0.6946583704589973,186,331
134,0.6946583704589973,-0.7193398003386511,28931,314,1,-0.7193398003386511,0.6946583704589973,185,332
135,0.7071067811865474,-0.7071067811865477,28192,315,1,-0.7071067811865477,0.7071067811865474,184,333
136,0.7071067811865474,-0.7071067811865477,28273,315,1,-0.7071067811865477,0.7071067811865474,183,334
137,0.7071067811865474,-0.7071067811865477,28603,315,1,-0.7071067811865477,0.7071067811865474,182,335
138,0.7071067811865474,-0.7071067811865477,29097,315,1,-0.7071067811865477,0.7071067811865474,181,336
139,0.7071067811865474,-0.7071067811865477,29456,315,1,-0.7071067811865477,0.7071067811865474,180,337
140,0.7071067811865474,-0.7071067811865477,29062,315,1,-0.7071067811865477,0.7071067811865474,179,337
141,0.7193398003386509,-0.6946583704589976,29515,316,1,-0.6946583704589976,0.7193398003386509,179,338
142,0.7193398003386509,-0.6946583704589976,29657,316,1,-0.6946583704589976,0.7193398003386509,178,339
143,0.7193398003386509,-0.6946583704589976,29805,316,1,-0.6946583704589976,0.7193398003386509,177,340
144,0.7193398003386509,-0.6946583704589976,30100,316,1,-0.6946583704589976,0.7193398003386509,176,341
145,0.7313537016191707,-0.6819983600624983,29730,317,1,-0.6819983600624983,0.7313537016191707,175,342
146,0.7313537016191707,-0.6819983600624983,29563,317,1,-0.6819983600624983,0.7313537016191707,174,343
147,0.7313537016191707,-0.6819983600624983,29300,317,1,-0.6819983600624983,0.7313537016191707,173,344
148,0.7313537016191707,-0.6819983600624983,29124,317,1,-0.6819983600624983,0.7313537016191707,172,345
149,0.7313537016191707,-0.6819983600624983,29006,317,1,-0.6819983600624983,0.7313537016191707,172,346
150,0.7431448254773942,-0.6691306063588581,28920,318,1,-0.6691306063588581,0.7431448254773942,171,347
151,0.7431448254773942,-0.6691306063588581,28274,318,1,-0.6691306063588581,0.7431448254773942,170,348
152,0.7431448254773942,-0.6691306063588581,28063,318,1,-0.6691306063588581,0.7431448254773942,169,348
153,0.7431448254773942,-0.6691306063588581,27879,318,1,-0.6691306063588581,0.7431448254773942,168,349
154,0.7547095802227719,-0.6560590289905074,27550,319,1,-0.6560590289905074,0.7547095802227719,167,350
155,0.7547095802227719,-0.6560590289905074,27448,319,1,-0.6560590289905074,0.7547095802227719,167,351
156,0.7547095802227719,-0.6560590289905074,27557,319,1,-0.6560590289905074,0.7547095802227719,166,352
157,0.7547095802227719,-0.6560590289905074,26970,319,1,-0.6560590289905074,0.7547095802227719,165,353
158,0.7547095802227719,-0.6560590289905074,26633,319,1,-0.6560590289905074,0.7547095802227719,164,354
159,0.7660444431189778,-0.6427876096865396,26483,320,1,-0.6427876096865396,0.7660444431189778,163,355
160,0.7660444431189778,-0.6427876096865396,26366,320,1,-0.6427876096865396,0.7660444431189778,162,356
161,0.7660444431189778,-0.6427876096865396,26352,320,1,-0.6427876096865396,0.7660444431189778,162,357
162,0.7660444431189778,-0.6427876096865396,26093,320,1,-0.6427876096865396,0.7660444431189778,161,358
163,0.7771459614569706,-0.6293203910498378,26099,321,1,-0.6293203910498378,0.7771459614569706,160,359
164,0.7771459614569706,-0.6293203910498378,26297,321,1,-0.6293203910498378,0.7771459614569706,159,360
165,0.7771459614569706,-0.6293203910498378,25940,321,1,-0.6293203910498378,0.7771459614569706,158,361
166,0.7771459614569706,-0.6293203910498378,25907,321,1,-0.6293203910498378,0.7771459614569706,158,362
167,0.7771459614569706,-0.6293203910498378,25895,321,1,-0.6293203910498378,0.7771459614569706,157,363
168,0.788010753606722,-0.6156614753256582,25873,322,1,-0.6156614753256582,0.788010753606722,156,364
169,0.788010753606722,-0.6156614753256582,25878,322,1,-0.6156614753256582,0.788010753606722,155,365
170,0.788010753606722,-0.6156614753256582,25757,322,1,-0.6156614753256582,0.788010753606722,155,366
171,0.788010753606722,-0.6156614753256582,25749,322,1,-0.6156614753256582,0.788010753606722,154,367
172,0.7986355100472928,-0.6018150231520483,25827,323,1,-0.6018150231520483,0.7986355100472928,153,368
173,0.7986355100472928,-0.6018150231520483,25907,323,1,-0.6018150231520483,0.7986355100472928,152,369
174,0.7986355100472928,-0.6018150231520483,26043,323,1,-0.6018150231520483,0.7986355100472928,151,370
175,0.8090169943749473,-0.5877852522924734,25811,324,1,-0.5877852522924734,0.8090169943749473,151,371
176,0.8090169943749473,-0.5877852522924734,25913,324,1,-0.5877852522924734,0.8090169943749473,150,372
177,0.8090169943749473,-0.5877852522924734,25662,324,1,-0.5877852522924734,0.8090169943749473,149,373
178,0.8090169943749473,-0.5877852522924734,25684,324,1,-0.5877852522924734,0.8090169943749473,149,374
179,0.8090169943749473,-0.5877852522924734,26079,324,1,-0.5877852522924734,0.8090169943749473,148,375
180,0.8191520442889916,-0.5735764363510465,25965,325,1,-0.5735764363510465,0.8191520442889916,147,376
181,0.8191520442889916,-0.5735764363510465,25806,325,1,-0.5735764363510465,0.8191520442889916,146,377
182,0.8191520442889916,-0.5735764363510465,26750,325,1,-0.5735764363510465,0.8191520442889916,146,378
183,0.8290375725550418,-0.5591929034707466,26085,326,1,-0.5591929034707466,0.8290375725550418,145,379
184,0.8290375725550418,-0.5591929034707466,26223,326,1,-0.5591929034707466,0.8290375725550418,144,380
185,0.8290375725550418,-0.5591929034707466,26009,326,1,-0.5591929034707466,0.8290375725550418,144,381
186,0.8290375725550418,-0.5591929034707466,25706,326,1,-0.5591929034707466,0.8290375725550418,143,382
187,0.838670567945424,-0.544639035015027,25620,327,1,-0.544639035015027,0.838670567945424,142,383
188,0.838670567945424,-0.544639035015027,25802,327,1,-0.544639035015027,0.838670567945424,141,384
189,0.838670567945424,-0.544639035015027,25782,327,1,-0.544639035015027,0.838670567945424,141,385
190,0.8480480961564258,-0.529919264233205,26081,328,1,-0.529919264233205,0.8480480961564258,140,386
191,0.8480480961564258,-0.529919264233205,25872,328,1,-0.529919264233205,0.8480480961564258,139,388
192,0.8480480961564258,-0.529919264233205,25722,328,1,-0.529919264233205,0.8480480961564258,139,389
193,0.8571673007021121,-0.5150380749100545,26227,329,1,-0.5150380749100545,0.8571673007021121,138,390
194,0.8571673007021121,-0.5150380749100545,25970,329,1,-0.5150380749100545,0.8571673007021121,137,391
195,0.8571673007021121,-0.5150380749100545,25631,329,1,-0.5150380749100545,0.8571673007021121,137,392
196,0.8660254037844384,-0.5000000000000004,25709,330,1,-0.5000000000000004,0.8660254037844384,136,393
197,0.8660254037844384,-0.5000000000000004,25507,330,1,-0.5000000000000004,0.8660254037844384,136,394
198,0.8660254037844384,-0.5000000000000004,25490,330,1,-0.5000000000000004,0.8660254037844384,135,395
199,0.8746197071393959,-0.4848096202463369,25162,331,1,-0.4848096202463369,0.8746197071393959,134,396
200,0.8746197071393959,-0.4848096202463369,25066,331,1,-0.4848096202463369,0.8746197071393959,134,397
201,0.8746197071393959,-0.4848096202463369,24971,331,1,-0.4848096202463369,0.8746197071393959,133,398
202,0.8746197071393959,-0.4848096202463369,25143,331,1,-0.4848096202463369,0.8746197071393959,132,400
203,0.8746197071393959,-0.4848096202463369,25426,331,1,-0.4848096202463369,0.8746197071393959,132,401
204,0.882947592858927,-0.4694715627858908,25500,332,1,-0.4694715627858908,0.882947592858927,131,402
205,0.882947592858927,-0.4694715627858908,25528,332,1,-0.4694715627858908,0.882947592858927,131,403
206,0.882947592858927,-0.4694715627858908,25237,332,1,-0.4694715627858908,0.882947592858927,130,404
207,0.8910065241883678,-0.45399049973954697,24992,333,1,-0.45399049973954697,0.8910065241883678,129,405
208,0.8910065241883678,-0.45399049973954697,24654,333,1,-0.45399049973954697,0.8910065241883678,129,406
209,0.8910065241883678,-0.45399049973954697,23370,333,1,-0.45399049973954697,0.8910065241883678,128,407
210,0.8987940462991668,-0.4383711467890778,22509,334,1,-0.4383711467890778,0.8987940462991668,128,408
211,0.90630778703665,-0.4226182617406992,21917,335,1,-0.4226182617406992,0.90630778703665,127,410
212,0.90630778703665,-0.4226182617406992,21729,335,1,-0.4226182617406992,0.90630778703665,127,411
213,0.90630778703665,-0.4226182617406992,21208,335,1,-0.4226182617406992,0.90630778703665,126,412
214,0.913545457642601,-0.40673664307580015,21171,336,1,-0.40673664307580015,0.913545457642601,126,413
215,0.913545457642601,-0.40673664307580015,21280,336,1,-0.40673664307580015,0.913545457642601,125,414
216,0.913545457642601,-0.40673664307580015,18272,336,1,-0.40673664307580015,0.913545457642601,125,415
217,0.9205048534524403,-0.3907311284892739,15863,337,1,-0.3907311284892739,0.9205048534524403,124,416
218,0.9205048534524403,-0.3907311284892739,15235,337,1,-0.3907311284892739,0.9205048534524403,124,418
219,0.9205048534524403,-0.3907311284892739,17202,337,1,-0.3907311284892739,0.9205048534524403,123,419
220,0.9271838545667873,-0.37460659341591235,19175,338,1,-0.37460659341591235,0.9271838545667873,123,420
221,0.9271838545667873,-0.37460659341591235,20469,338,1,-0.37460659341591235,0.9271838545667873,122,421
222,0.9271838545667873,-0.37460659341591235,21359,338,1,-0.37460659341591235,0.9271838545667873,122,422
223,0.9335804264972015,-0.35836794954530077,21735,339,1,-0.35836794954530077,0.9335804264972015,121,423
224,0.9335804264972015,-0.35836794954530077,22329,339,1,-0.35836794954530077,0.9335804264972015,121,425
225,0.9335804264972015,-0.35836794954530077,23282,339,1,-0.35836794954530077,0.9335804264972015,120,426
226,0.9396926207859084,-0.3420201433256686,24401,340,1,-0.3420201433256686,0.9396926207859084,120,427
227,0.9396926207859084,-0.3420201433256686,26063,340,1,-0.3420201433256686,0.9396926207859084,120,428
228,0.9455185755993168,-0.3255681544571567,27947,341,1,-0.3255681544571567,0.9455185755993168,119,429
229,0.9455185755993168,-0.3255681544571567,29212,341,1,-0.3255681544571567,0.9455185755993168,119,431
230,0.9455185755993168,-0.3255681544571567,28834,341,1,-0.3255681544571567,0.9455185755993168,118,432
231,0.9510565162951535,-0.3090169943749477,28705,342,1,-0.3090169943749477,0.9510565162951535,118,433
232,0.9510565162951535,-0.3090169943749477,28802,342,1,-0.3090169943749477,0.9510565162951535,118,434
233,0.9510565162951535,-0.3090169943749477,28483,342,1,-0.3090169943749477,0.9510565162951535,117,435
234,0.9563047559630353,-0.29237170472273716,25846,343,1,-0.29237170472273716,0.9563047559630353,117,437
235,0.9612616959383189,-0.27563735581699894,25467,344,1,-0.27563735581699894,0.9612616959383189,116,438
236,0.9612616959383189,-0.27563735581699894,24995,344,1,-0.27563735581699894,0.9612616959383189,116,439
237,0.9612616959383189,-0.27563735581699894,24522,344,1,-0.27563735581699894,0.9612616959383189,116,440
238,0.9659258262890683,-0.2588190451025207,24050,345,1,-0.2588190451025207,0.9659258262890683,115,441
239,0.9659258262890683,-0.2588190451025207,24345,345,1,-0.2588190451025207,0.9659258262890683,115,443
240,0.9659258262890683,-0.2588190451025207,24642,345,1,-0.2588190451025207,0.9659258262890683,115,444
241,0.9702957262759965,-0.24192189559966787,25069,346,1,-0.24192189559966787,0.9702957262759965,114,445
242,0.9702957262759965,-0.24192189559966787,25006,346,1,-0.24192189559966787,0.9702957262759965,114,446
243,0.9743700647852351,-0.22495105434386534,25465,347,1,-0.22495105434386534,0.9743700647852351,114,448
244,0.9743700647852351,-0.22495105434386534,25081,347,1,-0.22495105434386534,0.9743700647852351,114,449
245,0.9743700647852351,-0.22495105434386534,24538,347,1,-0.22495105434386534,0.9743700647852351,113,450
246,0.9781476007338056,-0.20791169081775987,24170,348,1,-0.20791169081775987,0.9781476007338056,113,451
247,0.981627183447664,-0.19080899537654467,23955,349,1,-0.19080899537654467,0.981627183447664,113,452
248,0.981627183447664,-0.19080899537654467,23773,349,1,-0.19080899537654467,0.981627183447664,113,454
249,0.981627183447664,-0.19080899537654467,24003,349,1,-0.19080899537654467,0.981627183447664,112,455
250,0.984807753012208,-0.1736481776669304,24038,350,1,-0.1736481776669304,0.984807753012208,112,456
251,0.984807753012208,-0.1736481776669304,24320,350,1,-0.1736481776669304,0.984807753012208,112,457
252,0.9876883405951377,-0.1564344650402311,25150,351,1,-0.1564344650402311,0.9876883405951377,112,459
253,0.9876883405951377,-0.1564344650402311,26287,351,1,-0.1564344650402311,0.9876883405951377,111,460
254,0.9876883405951377,-0.1564344650402311,27208,351,1,-0.1564344650402311,0.9876883405951377,111,461
255,0.9902680687415703,-0.13917310096006588,28066,352,1,-0.13917310096006588,0.9902680687415703,111,462
256,0.9902680687415703,-0.13917310096006588,29138,352,1,-0.13917310096006588,0.9902680687415703,111,464
257,0.9902680687415703,-0.13917310096006588,29291,352,1,-0.13917310096006588,0.9902680687415703,111,465
258,0.9925461516413221,-0.12186934340514723,29519,353,1,-0.12186934340514723,0.9925461516413221,111,466
259,0.9945218953682733,-0.10452846326765342,29811,354,1,-0.10452846326765342,0.9945218953682733,110,467
260,0.9945218953682733,-0.10452846326765342,30217,354,1,-0.10452846326765342,0.9945218953682733,110,469
261,0.9945218953682733,-0.10452846326765342,30615,354,1,-0.10452846326765342,0.9945218953682733,110,470
262,0.9961946980917455,-0.08715574274765832,31269,355,1,-0.08715574274765832,0.9961946980917455,110,471
263,0.9961946980917455,-0.08715574274765832,31535,355,1,-0.08715574274765832,0.9961946980917455,110,472
264,0.9975640502598242,-0.06975647374412564,31207,356,1,-0.06975647374412564,0.9975640502598242,110,474
265,0.9975640502598242,-0.06975647374412564,30888,356,1,-0.06975647374412564,0.9975640502598242,110,475
266,0.9975640502598242,-0.06975647374412564,30765,356,1,-0.06975647374412564,0.9975640502598242,110,476
267,0.9986295347545738,-0.05233595624294437,30569,357,1,-0.05233595624294437,0.9986295347545738,110,477
268,0.9993908270190958,-0.034899496702500823,30304,358,1,-0.034899496702500823,0.9993908270190958,110,479
269,0.9993908270190958,-0.034899496702500823,29750,358,1,-0.034899496702500823,0.9993908270190958,110,480
270,0.9993908270190958,-0.034899496702500823,28530,358,1,-0.034899496702500823,0.9993908270190958,110,481
271,0.9998476951563913,-0.01745240643728356,27806,359,1,-0.01745240643728356,0.9998476951563913,110,482
272,0.9998476951563913,-0.01745240643728356,27291,359,1,-0.01745240643728356,0.9998476951563913,110,484
273,1.0,0.0,27654,0,1,0.0,1.0,110,485
274,1.0,0.0,28484,0,1,0.0,1.0,110,486
275,1.0,0.0,30806,0,1,0.0,1.0,110,488
276,0.9998476951563913,0.01745240643728351,30917,1,1,0.01745240643728351,0.9998476951563913,110,489
277,0.9993908270190958,0.03489949670250097,30882,2,1,0.03489949670250097,0.9993908270190958,110,490
278,0.9993908270190958,0.03489949670250097,30841,2,1,0.03489949670250097,0.9993908270190958,110,491
279,0.9993908270190958,0.03489949670250097,30905,2,1,0.03489949670250097,0.9993908270190958,110,493
280,0.9986295347545738,0.052335956242943835,30650,3,1,0.052335956242943835,0.9986295347545738,110,494
281,0.9986295347545738,0.052335956242943835,30495,3,1,0.052335956242943835,0.9986295347545738,110,495
282,0.9975640502598242,0.0697564737441253,30124,4,1,0.0697564737441253,0.9975640502598242,110,496
283,0.9975640502598242,0.0697564737441253,27662,4,1,0.0697564737441253,0.9975640502598242,110,498
284,0.9975640502598242,0.0697564737441253,27646,4,1,0.0697564737441253,0.9975640502598242,110,499
285,0.9961946980917455,0.08715574274765817,27624,5,1,0.08715574274765817,0.9961946980917455,110,500
286,0.9945218953682733,0.10452846326765347,28636,6,1,0.10452846326765347,0.9945218953682733,110,501
287,0.9945218953682733,0.10452846326765347,30902,6,1,0.10452846326765347,0.9945218953682733,110,503
288,0.9945218953682733,0.10452846326765347,31477,6,1,0.10452846326765347,0.9945218953682733,111,504
289,0.992546151641322,0.12186934340514748,31691,7,1,0.12186934340514748,0.992546151641322,111,505
290,0.992546151641322,0.12186934340514748,32384,7,1,0.12186934340514748,0.992546151641322,111,506
291,0.9902680687415704,0.13917310096006544,33706,8,1,0.13917310096006544,0.9902680687415704,111,508
292,0.9902680687415704,0.13917310096006544,34152,8,1,0.13917310096006544,0.9902680687415704,111,509
293,0.9902680687415704,0.13917310096006544,33595,8,1,0.13917310096006544,0.9902680687415704,111,510
294,0.9876883405951378,0.15643446504023087,33538,9,1,0.15643446504023087,0.9876883405951378,112,511
295,0.984807753012208,0.17364817766693033,33543,10,1,0.17364817766693033,0.984807753012208,112,513
296,0.984807753012208,0.17364817766693033,33903,10,1,0.17364817766693033,0.984807753012208,112,514
297,0.984807753012208,0.17364817766693033,34541,10,1,0.17364817766693033,0.984807753012208,112,515
298,0.981627183447664,0.1908089953765448,34808,11,1,0.1908089953765448,0.981627183447664,112,516
299,0.981627183447664,0.1908089953765448,35575,11,1,0.1908089953765448,0.981627183447664,113,518
300,0.981627183447664,0.1908089953765448,35232,11,1,0.1908089953765448,0.981627183447664,113,519
301,0.9781476007338057,0.20791169081775934,34933,12,1,0.20791169081775934,0.9781476007338057,113,520
302,0.9781476007338057,0.20791169081775934,35095,12,1,0.20791169081775934,0.9781476007338057,113,521
303,0.9743700647852352,0.224951054343865,34865,13,1,0.224951054343865,0.9743700647852352,114,522
304,0.9743700647852352,0.224951054343865,34402,13,1,0.224951054343865,0.9743700647852352,114,524
305,0.9743700647852352,0.224951054343865,34239,13,1,0.224951054343865,0.9743700647852352,114,525
306,0.9702957262759965,0.24192189559966773,33992,14,1,0.24192189559966773,0.9702957262759965,115,526
307,0.9702957262759965,0.24192189559966773,34318,14,1,0.24192189559966773,0.9702957262759965,115,527
308,0.9702957262759965,0.24192189559966773,33257,14,1,0.24192189559966773,0.9702957262759965,115,529
309,0.9659258262890683,0.25881904510252074,33491,15,1,0.25881904510252074,0.9659258262890683,116,530
310,0.9612616959383189,0.27563735581699916,32608,16,1,0.27563735581699916,0.9612616959383189,116,531
311,0.9612616959383189,0.27563735581699916,32573,16,1,0.27563735581699916,0.9612616959383189,116,532
312,0.9612616959383189,0.27563735581699916,33287,16,1,0.27563735581699916,0.9612616959383189,117,533
313,0.9563047559630354,0.29237170472273677,32620,17,1,0.29237170472273677,0.9563047559630354,117,535
314,0.9563047559630354,0.29237170472273677,32672,17,1,0.29237170472273677,0.9563047559630354,117,536
315,0.9563047559630354,0.29237170472273677,33567,17,1,0.29237170472273677,0.9563047559630354,118,537
316,0.9510565162951535,0.3090169943749474,33105,18,1,0.3090169943749474,0.9510565162951535,118,538
317,0.9510565162951535,0.3090169943749474,33057,18,1,0.3090169943749474,0.9510565162951535,118,539
318,0.9510565162951535,0.3090169943749474,32708,18,1,0.3090169943749474,0.9510565162951535,119,541
319,0.9455185755993168,0.3255681544571567,32772,19,1,0.3255681544571567,0.9455185755993168,119,542
320,0.9455185755993168,0.3255681544571567,32691,19,1,0.3255681544571567,0.9455185755993168,120,543
321,0.9396926207859084,0.3420201433256687,32677,20,1,0.3420201433256687,0.9396926207859084,120,544
322,0.9396926207859084,0.3420201433256687,32561,20,1,0.3420201433256687,0.9396926207859084,121,545
323,0.9396926207859084,0.3420201433256687,32763,20,1,0.3420201433256687,0.9396926207859084,121,547
324,0.9335804264972017,0.35836794954530027,32583,21,1,0.35836794954530027,0.9335804264972017,121,548
325,0.9335804264972017,0.35836794954530027,32359,21,1,0.35836794954530027,0.9335804264972017,122,549
326,0.9335804264972017,0.35836794954530027,32830,21,1,0.35836794954530027,0.9335804264972017,122,550
327,0.9271838545667874,0.374606593415912,32513,22,1,0.374606593415912,0.9271838545667874,123,551
328,0.9271838545667874,0.374606593415912,32488,22,1,0.374606593415912,0.9271838545667874,123,552
329,0.9271838545667874,0.374606593415912,32317,22,1,0.374606593415912,0.9271838545667874,124,554
330,0.9205048534524404,0.39073112848927377,32223,23,1,0.39073112848927377,0.9205048534524404,124,555
331,0.9205048534524404,0.39073112848927377,32194,23,1,0.39073112848927377,0.9205048534524404,125,556
332,0.9205048534524404,0.39073112848927377,31964,23,1,0.39073112848927377,0.9205048534524404,125,557
333,0.9135454576426009,0.4067366430758002,31458,24,1,0.4067366430758002,0.9135454576426009,126,558
334,0.9135454576426009,0.4067366430758002,31525,24,1,0.4067366430758002,0.9135454576426009,126,559
335,0.9135454576426009,0.4067366430758002,30203,24,1,0.4067366430758002,0.9135454576426009,127,561
336,0.9063077870366499,0.42261826174069944,29869,25,1,0.42261826174069944,0.9063077870366499,127,562
337,0.9063077870366499,0.42261826174069944,28779,25,1,0.42261826174069944,0.9063077870366499,128,563
338,0.9063077870366499,0.42261826174069944,28128,25,1,0.42261826174069944,0.9063077870366499,128,564
339,0.898794046299167,0.4383711467890774,24123,26,1,0.4383711467890774,0.898794046299167,129,565
340,0.898794046299167,0.4383711467890774,21717,26,1,0.4383711467890774,0.898794046299167,130,566
341,0.898794046299167,0.4383711467890774,21736,26,1,0.4383711467890774,0.898794046299167,130,567
342,0.8910065241883679,0.45399049973954675,19817,27,1,0.45399049973954675,0.8910065241883679,131,568
343,0.8910065241883679,0.45399049973954675,19149,27,1,0.45399049973954675,0.8910065241883679,131,570
344,0.8910065241883679,0.45399049973954675,18126,27,1,0.45399049973954675,0.8910065241883679,132,571
345,0.882947592858927,0.4694715627858908,17966,28,1,0.4694715627858908,0.882947592858927,132,572
346,0.882947592858927,0.4694715627858908,16763,28,1,0.4694715627858908,0.882947592858927,133,573
347,0.882947592858927,0.4694715627858908,15725,28,1,0.4694715627858908,0.882947592858927,134,574
348,0.8746197071393957,0.48480962024633706,15619,29,1,0.48480962024633706,0.8746197071393957,134,575
349,0.8746197071393957,0.48480962024633706,14706,29,1,0.48480962024633706,0.8746197071393957,135,576
350,0.8746197071393957,0.48480962024633706,14549,29,1,0.48480962024633706,0.8746197071393957,135,577
351,0.8746197071393957,0.48480962024633706,13415,29,1,0.48480962024633706,0.8746197071393957,136,578
352,0.8660254037844387,0.49999999999999994,12025,30,1,0.49999999999999994,0.8660254037844387,137,580
353,0.8660254037844387,0.49999999999999994,11727,30,1,0.49999999999999994,0.8660254037844387,137,581
354,0.8660254037844387,0.49999999999999994,11029,30,1,0.49999999999999994,0.8660254037844387,138,582
355,0.8571673007021123,0.5150380749100542,10522,31,1,0.5150380749100542,0.8571673007021123,139,583
356,0.8571673007021123,0.5150380749100542,10499,31,1,0.5150380749100542,0.8571673007021123,139,584
357,0.8571673007021123,0.5150380749100542,9862,31,1,0.5150380749100542,0.8571673007021123,140,585
358,0.848048096156426,0.5299192642332049,9616,32,1,0.5299192642332049,0.848048096156426,141,586
359,0.848048096156426,0.5299192642332049,9489,32,1,0.5299192642332049,0.848048096156426,141,587
360,0.848048096156426,0.5299192642332049,9176,32,1,0.5299192642332049,0.848048096156426,142,588
361,0.848048096156426,0.5299192642332049,8952,32,1,0.5299192642332049,0.848048096156426,143,589
362,0.848048096156426,0.5299192642332049,8965,32,1,0.5299192642332049,0.848048096156426,143,590
363,0.838670567945424,0.5446390350150271,8855,33,1,0.5446390350150271,0.838670567945424,144,591
364,0.838670567945424,0.5446390350150271,8962,33,1,0.5446390350150271,0.838670567945424,145,592
365,0.838670567945424,0.5446390350150271,9330,33,1,0.5446390350150271,0.838670567945424,145,593
366,0.8290375725550417,0.5591929034707469,8770,34,1,0.5591929034707469,0.8290375725550417,146,595
367,0.8290375725550417,0.5591929034707469,8893,34,1,0.5591929034707469,0.8290375725550417,147,596
368,0.8290375725550417,0.5591929034707469,9221,34,1,0.5591929034707469,0.8290375725550417,147,597
369,0.8290375725550417,0.5591929034707469,9025,34,1,0.5591929034707469,0.8290375725550417,148,598
370,0.8191520442889918,0.573576436351046,8741,35,1,0.573576436351046,0.8191520442889918,149,599
371,0.8191520442889918,0.573576436351046,8707,35,1,0.573576436351046,0.8191520442889918,150,600
372,0.8191520442889918,0.573576436351046,8571,35,1,0.573576436351046,0.8191520442889918,150,601
373,0.8090169943749475,0.5877852522924731,8644,36,1,0.5877852522924731,0.8090169943749475,151,602
374,0.8090169943749475,0.5877852522924731,8532,36,1,0.5877852522924731,0.8090169943749475,152,603
375,0.8090169943749475,0.5877852522924731,8424,36,1,0.5877852522924731,0.8090169943749475,152,604
376,0.8090169943749475,0.5877852522924731,8214,36,1,0.5877852522924731,0.8090169943749475,153,605
377,0.8090169943749475,0.5877852522924731,8264,36,1,0.5877852522924731,0.8090169943749475,154,606
378,0.7986355100472928,0.6018150231520483,8260,37,1,0.6018150231520483,0.7986355100472928,155,607
379,0.7986355100472928,0.6018150231520483,8275,37,1,0.6018150231520483,0.7986355100472928,155,608
380,0.7986355100472928,0.6018150231520483,8306,37,1,0.6018150231520483,0.7986355100472928,156,609
381,0.7986355100472928,0.6018150231520483,8525,37,1,0.6018150231520483,0.7986355100472928,157,610
382,0.7880107536067219,0.6156614753256583,8517,38,1,0.6156614753256583,0.7880107536067219,158,611
383,0.7880107536067219,0.6156614753256583,8484,38,1,0.6156614753256583,0.7880107536067219,159,612
384,0.7880107536067219,0.6156614753256583,8308,38,1,0.6156614753256583,0.7880107536067219,159,613
385,0.7880107536067219,0.6156614753256583,8264,38,1,0.6156614753256583,0.7880107536067219,160,614
386,0.7880107536067219,0.6156614753256583,8102,38,1,0.6156614753256583,0.7880107536067219,161,615
387,0.7771459614569709,0.6293203910498374,7867,39,1,0.6293203910498374,0.7771459614569709,162,616
388,0.7771459614569709,0.6293203910498374,7701,39,1,0.6293203910498374,0.7771459614569709,162,617
389,0.7771459614569709,0.6293203910498374,7491,39,1,0.6293203910498374,0.7771459614569709,163,618
390,0.7771459614569709,0.6293203910498374,7350,39,1,0.6293203910498374,0.7771459614569709,164,619
391,0.766044443118978,0.6427876096865393,7313,40,1,0.6427876096865393,0.766044443118978,165,620
392,0.766044443118978,0.6427876096865393,7216,40,1,0.6427876096865393,0.766044443118978,166,621
393,0.766044443118978,0.6427876096865393,7113,40,1,0.6427876096865393,0.766044443118978,166,622
394,0.766044443118978,0.6427876096865393,7133,40,1,0.6427876096865393,0.766044443118978,167,623
395,0.766044443118978,0.6427876096865393,7059,40,1,0.6427876096865393,0.766044443118978,168,624
396,0.754709580222772,0.6560590289905073,7048,41,1,0.6560590289905073,0.754709580222772,169,624
397,0.754709580222772,0.6560590289905073,7078,41,1,0.6560590289905073,0.754709580222772,170,625
398,0.754709580222772,0.6560590289905073,6969,41,1,0.6560590289905073,0.754709580222772,171,626
399,0.754709580222772,0.6560590289905073,7042,41,1,0.6560590289905073,0.754709580222772,171,627
400,0.7431448254773942,0.6691306063588582,6923,42,1,0.6691306063588582,0.7431448254773942,172,628
401,0.7431448254773942,0.6691306063588582,6998,42,1,0.6691306063588582,0.7431448254773942,173,629
402,0.7431448254773942,0.6691306063588582,6968,42,1,0.6691306063588582,0.7431448254773942,174,630
403,0.7431448254773942,0.6691306063588582,6886,42,1,0.6691306063588582,0.7431448254773942,175,631
404,0.7431448254773942,0.6691306063588582,6786,42,1,0.6691306063588582,0.7431448254773942,176,632
405,0.7313537016191705,0.6819983600624985,6848,43,1,0.6819983600624985,0.7313537016191705,176,633
406,0.7313537016191705,0.6819983600624985,6867,43,1,0.6819983600624985,0.7313537016191705,177,634
407,0.7313537016191705,0.6819983600624985,6933,43,1,0.6819983600624985,0.7313537016191705,178,635
408,0.7313537016191705,0.6819983600624985,6856,43,1,0.6819983600624985,0.7313537016191705,179,636
409,0.7193398003386512,0.6946583704589973,6872,44,1,0.6946583704589973,0.7193398003386512,180,637
410,0.7193398003386512,0.6946583704589973,6961,44,1,0.6946583704589973,0.7193398003386512,181,638
411,0.7193398003386512,0.6946583704589973,6888,44,1,0.6946583704589973,0.7193398003386512,182,638
412,0.7193398003386512,0.6946583704589973,6813,44,1,0.6946583704589973,0.7193398003386512,183,639
413,0.7193398003386512,0.6946583704589973,6724,44,1,0.6946583704589973,0.7193398003386512,183,640
414,0.7193398003386512,0.6946583704589973,6767,44,1,0.6946583704589973,0.7193398003386512,184,641
415,0.7071067811865476,0.7071067811865476,6590,45,1,0.7071067811865476,0.7071067811865476,185,642
416,0.7071067811865476,0.7071067811865476,6560,45,1,0.7071067811865476,0.7071067811865476,186,643
417,0.7071067811865476,0.7071067811865476,6668,45,1,0.7071067811865476,0.7071067811865476,187,644
418,0.7071067811865476,0.7071067811865476,6573,45,1,0.7071067811865476,0.7071067811865476,188,645
419,0.7071067811865476,0.7071067811865476,6498,45,1,0.7071067811865476,0.7071067811865476,189,646
420,0.7071067811865476,0.7071067811865476,6662,45,1,0.7071067811865476,0.7071067811865476,190,646
421,0.6946583704589973,0.7193398003386512,6677,46,1,0.7193398003386512,0.6946583704589973,191,647
422,0.6946583704589973,0.7193398003386512,6596,46,1,0.7193398003386512,0.6946583704589973,191,648
423,0.6946583704589973,0.7193398003386512,6594,46,1,0.7193398003386512,0.6946583704589973,192,649
424,0.6946583704589973,0.7193398003386512,6551,46,1,0.7193398003386512,0.6946583704589973,193,650
425,0.6946583704589973,0.7193398003386512,6621,46,1,0.7193398003386512,0.6946583704589973,194,651
426,0.6819983600624985,0.7313537016191705,6772,47,1,0.7313537016191705,0.6819983600624985,195,652
427,0.6819983600624985,0.7313537016191705,6846,47,1,0.7313537016191705,0.6819983600624985,196,653
428,0.6819983600624985,0.7313537016191705,6827,47,1,0.7313537016191705,0.6819983600624985,197,653
429,0.6819983600624985,0.7313537016191705,6727,47,1,0.7313537016191705,0.6819983600624985,198,654
430,0.6819983600624985,0.7313537016191705,6559,47,1,0.7313537016191705,0.6819983600624985,199,655
431,0.6819983600624985,0.7313537016191705,6522,47,1,0.7313537016191705,0.6819983600624985,200,656
432,0.6691306063588582,0.7431448254773942,6647,48,1,0.7431448254773942,0.6691306063588582,201,657
433,0.6691306063588582,0.7431448254773942,6586,48,1,0.7431448254773942,0.6691306063588582,202,658
434,0.6691306063588582,0.7431448254773942,6491,48,1,0.7431448254773942,0.6691306063588582,202,659
435,0.6691306063588582,0.7431448254773942,6459,48,1,0.7431448254773942,0.6691306063588582,203,659
436,0.6691306063588582,0.7431448254773942,6245,48,1,0.7431448254773942,0.6691306063588582,204,660
437,0.6691306063588582,0.7431448254773942,6481,48,1,0.7431448254773942,0.6691306063588582,205,661
438,0.6560590289905073,0.754709580222772,6462,49,1,0.754709580222772,0.6560590289905073,206,662
439,0.6560590289905073,0.754709580222772,6327,49,1,0.754709580222772,0.6560590289905073,207,663
440,0.6560590289905073,0.754709580222772,6582,49,1,0.754709580222772,0.6560590289905073,208,664
441,0.6560590289905073,0.754709580222772,6439,49,1,0.754709580222772,0.6560590289905073,209,664
442,0.6560590289905073,0.754709580222772,6436,49,1,0.754709580222772,0.6560590289905073,210,665
443,0.6560590289905073,0.754709580222772,6427,49,1,0.754709580222772,0.6560590289905073,211,666
444,0.6560590289905073,0.754709580222772,6354,49,1,0.754709580222772,0.6560590289905073,212,667
445,0.6427876096865394,0.766044443118978,6413,50,1,0.766044443118978,0.6427876096865394,213,668
446,0.6427876096865394,0.766044443118978,6396,50,1,0.766044443118978,0.6427876096865394,214,668
447,0.6427876096865394,0.766044443118978,6478,50,1,0.766044443118978,0.6427876096865394,215,669
448,0.6427876096865394,0.766044443118978,6525,50,1,0.766044443118978,0.6427876096865394,216,670
449,0.6427876096865394,0.766044443118978,6561,50,1,0.766044443118978,0.6427876096865394,217,671
450,0.6427876096865394,0.766044443118978,6727,50,1,0.766044443118978,0.6427876096865394,218,672
451,0.6293203910498375,0.7771459614569709,6905,51,1,0.7771459614569709,0.6293203910498375,219,673
452,0.6293203910498375,0.7771459614569709,6792,51,1,0.7771459614569709,0.6293203910498375,220,673
453,0.6293203910498375,0.7771459614569709,6848,51,1,0.7771459614569709,0.6293203910498375,221,674
454,0.6293203910498375,0.7771459614569709,6794,51,1,0.7771459614569709,0.6293203910498375,222,675
455,0.6293203910498375,0.7771459614569709,6824,51,1,0.7771459614569709,0.6293203910498375,223,676
456,0.6293203910498375,0.7771459614569709,6906,51,1,0.7771459614569709,0.6293203910498375,224,676
457,0.6156614753256583,0.788010753606722,6973,52,1,0.788010753606722,0.6156614753256583,225,677
458,0.6156614753256583,0.788010753606722,7103,52,1,0.788010753606722,0.6156614753256583,226,678
459,0.6156614753256583,0.788010753606722,7237,52,1,0.788010753606722,0.6156614753256583,227,679
460,0.6156614753256583,0.788010753606722,7175,52,1,0.788010753606722,0.6156614753256583,228,680
461,0.6156614753256583,0.788010753606722,7241,52,1,0.788010753606722,0.6156614753256583,229,680
462,0.6156614753256583,0.788010753606722,7470,52,1,0.788010753606722,0.6156614753256583,230,681
463,0.6156614753256583,0.788010753606722,7792,52,1,0.788010753606722,0.6156614753256583,231,682
464,0.6156614753256583,0.788010753606722,7810,52,1,0.788010753606722,0.6156614753256583,232,683
465,0.6018150231520484,0.7986355100472928,7809,53,1,0.7986355100472928,0.6018150231520484,233,683
466,0.6018150231520484,0.7986355100472928,7843,53,1,0.7986355100472928,0.6018150231520484,234,684
467,0.6018150231520484,0.7986355100472928,7883,53,1,0.7986355100472928,0.6018150231520484,235,685
468,0.6018150231520484,0.7986355100472928,7828,53,1,0.7986355100472928,0.6018150231520484,236,686
469,0.6018150231520484,0.7986355100472928,7833,53,1,0.7986355100472928,0.6018150231520484,237,686
470,0.6018150231520484,0.7986355100472928,7910,53,1,0.7986355100472928,0.6018150231520484,238,687
471,0.6018150231520484,0.7986355100472928,8103,53,1,0.7986355100472928,0.6018150231520484,239,688
472,0.5877852522924731,0.8090169943749475,8405,54,1,0.8090169943749475,0.5877852522924731,240,689
473,0.5877852522924731,0.8090169943749475,8487,54,1,0.8090169943749475,0.5877852522924731,241,689
474,0.5877852522924731,0.8090169943749475,8713,54,1,0.8090169943749475,0.5877852522924731,242,690
475,0.5877852522924731,0.8090169943749475,8859,54,1,0.8090169943749475,0.5877852522924731,243,691
476,0.5877852522924731,0.8090169943749475,8999,54,1,0.8090169943749475,0.5877852522924731,244,692
477,0.5877852522924731,0.8090169943749475,9453,54,1,0.8090169943749475,0.5877852522924731,245,692
478,0.5877852522924731,0.8090169943749475,9202,54,1,0.8090169943749475,0.5877852522924731,246,693
479,0.5877852522924731,0.8090169943749475,9128,54,1,0.8090169943749475,0.5877852522924731,247,694
480,0.573576436351046,0.8191520442889918,9207,55,1,0.8191520442889918,0.573576436351046,248,695
481,0.573576436351046,0.8191520442889918,9323,55,1,0.8191520442889918,0.573576436351046,249,695
482,0.573576436351046,0.8191520442889918,9650,55,1,0.8191520442889918,0.573576436351046,250,696
483,0.573576436351046,0.8191520442889918,10131,55,1,0.8191520442889918,0.573576436351046,251,697
484,0.573576436351046,0.8191520442889918,10550,55,1,0.8191520442889918,0.573576436351046,252,698
485,0.573576436351046,0.8191520442889918,10698,55,1,0.8191520442889918,0.573576436351046,253,698
486,0.573576436351046,0.8191520442889918,11116,55,1,0.8191520442889918,0.573576436351046,254,699
487,0.5591929034707468,0.8290375725550417,11622,56,1,0.8290375725550417,0.5591929034707468,255,700
488,0.5591929034707468,0.8290375725550417,11628,56,1,0.8290375725550417,0.5591929034707468,256,700
489,0.5591929034707468,0.8290375725550417,12130,56,1,0.8290375725550417,0.5591929034707468,257,701
490,0.5591929034707468,0.8290375725550417,12560,56,1,0.8290375725550417,0.5591929034707468,258,702
491,0.5591929034707468,0.8290375725550417,12566,56,1,0.8290375725550417,0.5591929034707468,259,702
492,0.5591929034707468,0.8290375725550417,12834,56,1,0.8290375725550417,0.5591929034707468,260,703
493,0.5591929034707468,0.8290375725550417,13133,56,1,0.8290375725550417,0.5591929034707468,261,704
494,0.5591929034707468,0.8290375725550417,13537,56,1,0.8290375725550417,0.5591929034707468,262,705
495,0.5446390350150271,0.838670567945424,13371,57,1,0.838670567945424,0.5446390350150271,263,705
496,0.5446390350150271,0.838670567945424,13667,57,1,0.838670567945424,0.5446390350150271,264,706
497,0.5446390350150271,0.838670567945424,13519,57,1,0.838670567945424,0.5446390350150271,266,707
498,0.5446390350150271,0.838670567945424,12807,57,1,0.838670567945424,0.5446390350150271,267,707
499,0.5446390350150271,0.838670567945424,12193,57,1,0.838670567945424,0.5446390350150271,268,708
500,0.5446390350150271,0.838670567945424,11938,57,1,0.838670567945424,0.5446390350150271,269,709
501,0.5446390350150271,0.838670567945424,11677,57,1,0.838670567945424,0.5446390350150271,270,709
502,0.5299192642332049,0.8480480961564261,11437,58,1,0.8480480961564261,0.5299192642332049,271,710
503,0.5299192642332049,0.8480480961564261,11205,58,1,0.8480480961564261,0.5299192642332049,272,711
504,0.5299192642332049,0.8480480961564261,11191,58,1,0.8480480961564261,0.5299192642332049,273,711
505,0.5299192642332049,0.8480480961564261,11510,58,1,0.8480480961564261,0.5299192642332049,274,712
506,0.5299192642332049,0.8480480961564261,11925,58,1,0.8480480961564261,0.5299192642332049,275,713
507,0.5299192642332049,0.8480480961564261,12385,58,1,0.8480480961564261,0.5299192642332049,276,713
508,0.5299192642332049,0.8480480961564261,12228,58,1,0.8480480961564261,0.5299192642332049,277,714
509,0.5299192642332049,0.8480480961564261,11979,58,1,0.8480480961564261,0.5299192642332049,278,715
510,0.5150380749100542,0.8571673007021123,11971,59,1,0.8571673007021123,0.5150380749100542,279,715
511,0.5150380749100542,0.8571673007021123,12023,59,1,0.8571673007021123,0.5150380749100542,280,716
512,0.5150380749100542,0.8571673007021123,11987,59,1,0.8571673007021123,0.5150380749100542,282,717
513,0.5150380749100542,0.8571673007021123,11969,59,1,0.8571673007021123,0.5150380749100542,283,717
514,0.5150380749100542,0.8571673007021123,12129,59,1,0.8571673007021123,0.5150380749100542,284,718
515,0.5150380749100542,0.8571673007021123,12056,59,1,0.8571673007021123,0.5150380749100542,285,719
516,0.5150380749100542,0.8571673007021123,11962,59,1,0.8571673007021123,0.5150380749100542,286,719
517,0.5150380749100542,0.8571673007021123,11764,59,1,0.8571673007021123,0.5150380749100542,287,720
518,0.5150380749100542,0.8571673007021123,11456,59,1,0.8571673007021123,0.5150380749100542,288,721
519,0.5000000000000001,0.8660254037844386,11526,60,1,0.8660254037844386,0.5000000000000001,289,721
520,0.5000000000000001,0.8660254037844386,11271,60,1,0.8660254037844386,0.5000000000000001,290,722
521,0.5000000000000001,0.8660254037844386,11958,60,1,0.8660254037844386,0.5000000000000001,291,722
522,0.5000000000000001,0.8660254037844386,11535,60,1,0.8660254037844386,0.5000000000000001,292,723
523,0.5000000000000001,0.8660254037844386,11672,60,1,0.8660254037844386,0.5000000000000001,293,724
524,0.5000000000000001,0.8660254037844386,12007,60,1,0.8660254037844386,0.5000000000000001,295,724
525,0.5000000000000001,0.8660254037844386,11548,60,1,0.8660254037844386,0.5000000000000001,296,725
526,0.5000000000000001,0.8660254037844386,11240,60,1,0.8660254037844386,0.5000000000000001,297,726
527,0.5000000000000001,0.8660254037844386,11287,60,1,0.8660254037844386,0.5000000000000001,298,726
528,0.4848096202463371,0.8746197071393957,11002,61,1,0.8746197071393957,0.4848096202463371,299,727
529,0.4848096202463371,0.8746197071393957,10899,61,1,0.8746197071393957,0.4848096202463371,300,727
530,0.4848096202463371,0.8746197071393957,10789,61,1,0.8746197071393957,0.4848096202463371,301,728
531,0.4848096202463371,0.8746197071393957,10807,61,1,0.8746197071393957,0.4848096202463371,302,729
532,0.4848096202463371,0.8746197071393957,10821,61,1,0.8746197071393957,0.4848096202463371,303,729
533,0.4848096202463371,0.8746197071393957,11010,61,1,0.8746197071393957,0.4848096202463371,304,730
534,0.4848096202463371,0.8746197071393957,11285,61,1,0.8746197071393957,0.4848096202463371,306,730
535,0.46947156278589086,0.8829475928589269,11014,62,1,0.8829475928589269,0.46947156278589086,307,731
536,0.46947156278589086,0.8829475928589269,11126,62,1,0.8829475928589269,0.46947156278589086,308,732
537,0.46947156278589086,0.8829475928589269,10879,62,1,0.8829475928589269,0.46947156278589086,309,732
538,0.46947156278589086,0.8829475928589269,10998,62,1,0.8829475928589269,0.46947156278589086,310,733
539,0.46947156278589086,0.8829475928589269,11093,62,1,0.8829475928589269,0.46947156278589086,311,733
540,0.46947156278589086,0.8829475928589269,11136,62,1,0.8829475928589269,0.46947156278589086,312,734
541,0.46947156278589086,0.8829475928589269,11131,62,1,0.8829475928589269,0.46947156278589086,313,735
542,0.46947156278589086,0.8829475928589269,11284,62,1,0.8829475928589269,0.46947156278589086,314,735
543,0.46947156278589086,0.8829475928589269,11030,62,1,0.8829475928589269,0.46947156278589086,316,736
544,0.4539904997395468,0.8910065241883678,10800,63,1,0.8910065241883678,0.4539904997395468,317,736
545,0.4539904997395468,0.8910065241883678,10726,63,1,0.8910065241883678,0.4539904997395468,318,737
546,0.4539904997395468,0.8910065241883678,10746,63,1,0.8910065241883678,0.4539904997395468,319,738
547,0.4539904997395468,0.8910065241883678,10760,63,1,0.8910065241883678,0.4539904997395468,320,738
548,0.4539904997395468,0.8910065241883678,10775,63,1,0.8910065241883678,0.4539904997395468,321,739
549,0.4539904997395468,0.8910065241883678,10901,63,1,0.8910065241883678,0.4539904997395468,322,739
550,0.4539904997395468,0.8910065241883678,10986,63,1,0.8910065241883678,0.4539904997395468,323,740
551,0.4539904997395468,0.8910065241883678,11060,63,1,0.8910065241883678,0.4539904997395468,325,740
552,0.4539904997395468,0.8910065241883678,10891,63,1,0.8910065241883678,0.4539904997395468,326,741
553,0.43837114678907746,0.898794046299167,10966,64,1,0.898794046299167,0.43837114678907746,327,742
554,0.43837114678907746,0.898794046299167,10660,64,1,0.898794046299167,0.43837114678907746,328,742
555,0.43837114678907746,0.898794046299167,10472,64,1,0.898794046299167,0.43837114678907746,329,743
556,0.43837114678907746,0.898794046299167,10411,64,1,0.898794046299167,0.43837114678907746,330,743
557,0.43837114678907746,0.898794046299167,10670,64,1,0.898794046299167,0.43837114678907746,331,744
558,0.43837114678907746,0.898794046299167,10841,64,1,0.898794046299167,0.43837114678907746,332,744
559,0.43837114678907746,0.898794046299167,10963,64,1,0.898794046299167,0.43837114678907746,334,745
560,0.43837114678907746,0.898794046299167,11078,64,1,0.898794046299167,0.43837114678907746,335,745
561,0.42261826174069944,0.9063077870366499,11243,65,1,0.9063077870366499,0.42261826174069944,336,746
562,0.42261826174069944,0.9063077870366499,11251,65,1,0.9063077870366499,0.42261826174069944,337,746
563,0.42261826174069944,0.9063077870366499,11161,65,1,0.9063077870366499,0.42261826174069944,338,747
564,0.42261826174069944,0.9063077870366499,11255,65,1,0.9063077870366499,0.42261826174069944,339,748
565,0.42261826174069944,0.9063077870366499,11414,65,1,0.9063077870366499,0.42261826174069944,340,748
566,0.42261826174069944,0.9063077870366499,11528,65,1,0.9063077870366499,0.42261826174069944,342,749
567,0.42261826174069944,0.9063077870366499,11600,65,1,0.9063077870366499,0.42261826174069944,343,749
568,0.42261826174069944,0.9063077870366499,11665,65,1,0.9063077870366499,0.42261826174069944,344,750
569,0.42261826174069944,0.9063077870366499,11789,65,1,0.9063077870366499,0.42261826174069944,345,750
570,0.4067366430758002,0.9135454576426009,11882,66,1,0.9135454576426009,0.4067366430758002,346,751
571,0.4067366430758002,0.9135454576426009,11975,66,1,0.9135454576426009,0.4067366430758002,347,751
572,0.4067366430758002,0.9135454576426009,11887,66,1,0.9135454576426009,0.4067366430758002,348,752
573,0.4067366430758002,0.9135454576426009,12057,66,1,0.9135454576426009,0.4067366430758002,350,752
574,0.4067366430758002,0.9135454576426009,12190,66,1,0.9135454576426009,0.4067366430758002,351,753
575,0.4067366430758002,0.9135454576426009,12248,66,1,0.9135454576426009,0.4067366430758002,352,753
576,0.4067366430758002,0.9135454576426009,12338,66,1,0.9135454576426009,0.4067366430758002,353,754
577,0.3907311284892737,0.9205048534524404,12532,67,1,0.9205048534524404,0.3907311284892737,354,754
578,0.3907311284892737,0.9205048534524404,13058,67,1,0.9205048534524404,0.3907311284892737,355,755
579,0.3907311284892737,0.9205048534524404,13988,67,1,0.9205048534524404,0.3907311284892737,357,755
580,0.3907311284892737,0.9205048534524404,14729,67,1,0.9205048534524404,0.3907311284892737,358,756
581,0.3907311284892737,0.9205048534524404,15029,67,1,0.9205048534524404,0.3907311284892737,359,756
582,0.3907311284892737,0.9205048534524404,15403,67,1,0.9205048534524404,0.3907311284892737,360,757
583,0.3907311284892737,0.9205048534524404,15665,67,1,0.9205048534524404,0.3907311284892737,361,757
584,0.3907311284892737,0.9205048534524404,15951,67,1,0.9205048534524404,0.3907311284892737,362,758
585,0.3907311284892737,0.9205048534524404,15827,67,1,0.9205048534524404,0.3907311284892737,363,758
586,0.37460659341591196,0.9271838545667874,15120,68,1,0.9271838545667874,0.37460659341591196,365,759
587,0.37460659341591196,0.9271838545667874,15663,68,1,0.9271838545667874,0.37460659341591196,366,759
588,0.37460659341591196,0.9271838545667874,15786,68,1,0.9271838545667874,0.37460659341591196,367,760
589,0.37460659341591196,0.9271838545667874,16072,68,1,0.9271838545667874,0.37460659341591196,368,760
590,0.37460659341591196,0.9271838545667874,16675,68,1,0.9271838545667874,0.37460659341591196,369,761
591,0.37460659341591196,0.9271838545667874,16875,68,1,0.9271838545667874,0.37460659341591196,370,761
592,0.37460659341591196,0.9271838545667874,17497,68,1,0.9271838545667874,0.37460659341591196,372,761
593,0.37460659341591196,0.9271838545667874,18211,68,1,0.9271838545667874,0.37460659341591196,373,762
594,0.3583679495453004,0.9335804264972017,18514,69,1,0.9335804264972017,0.3583679495453004,374,762
595,0.3583679495453004,0.9335804264972017,19516,69,1,0.9335804264972017,0.3583679495453004,375,763
596,0.3583679495453004,0.9335804264972017,19671,69,1,0.9335804264972017,0.3583679495453004,376,763
597,0.3583679495453004,0.9335804264972017,20959,69,1,0.9335804264972017,0.3583679495453004,378,764
598,0.3583679495453004,0.9335804264972017,21221,69,1,0.9335804264972017,0.3583679495453004,379,764
599,0.3583679495453004,0.9335804264972017,22093,69,1,0.9335804264972017,0.3583679495453004,380,765
600,0.3583679495453004,0.9335804264972017,22162,69,1,0.9335804264972017,0.3583679495453004,381,765
601,0.3420201433256688,0.9396926207859083,22370,70,1,0.9396926207859083,0.3420201433256688,382,766
602,0.3420201433256688,0.9396926207859083,22711,70,1,0.9396926207859083,0.3420201433256688,383,766
603,0.3420201433256688,0.9396926207859083,23365,70,1,0.9396926207859083,0.3420201433256688,385,766
604,0.3420201433256688,0.9396926207859083,23674,70,1,0.9396926207859083,0.3420201433256688,386,767
605,0.3420201433256688,0.9396926207859083,24090,70,1,0.9396926207859083,0.3420201433256688,387,767
606,0.3420201433256688,0.9396926207859083,24438,70,1,0.9396926207859083,0.3420201433256688,388,768
607,0.3420201433256688,0.9396926207859083,25254,70,1,0.9396926207859083,0.3420201433256688,389,768
608,0.3420201433256688,0.9396926207859083,25619,70,1,0.9396926207859083,0.3420201433256688,391,769
609,0.32556815445715676,0.9455185755993167,25976,71,1,0.9455185755993167,0.32556815445715676,392,769
610,0.32556815445715676,0.9455185755993167,25751,71,1,0.9455185755993167,0.32556815445715676,393,769
611,0.32556815445715676,0.9455185755993167,25569,71,1,0.9455185755993167,0.32556815445715676,394,770
612,0.32556815445715676,0.9455185755993167,25219,71,1,0.9455185755993167,0.32556815445715676,395,770
613,0.32556815445715676,0.9455185755993167,24428,71,1,0.9455185755993167,0.32556815445715676,396,771
614,0.32556815445715676,0.9455185755993167,24321,71,1,0.9455185755993167,0.32556815445715676,398,771
615,0.32556815445715676,0.9455185755993167,23600,71,1,0.9455185755993167,0.32556815445715676,399,771
616,0.30901699437494745,0.9510565162951535,22266,72,1,0.9510565162951535,0.30901699437494745,400,772
617,0.30901699437494745,0.9510565162951535,20870,72,1,0.9510565162951535,0.30901699437494745,401,772
618,0.30901699437494745,0.9510565162951535,19335,72,1,0.9510565162951535,0.30901699437494745,402,773
619,0.30901699437494745,0.9510565162951535,16870,72,1,0.9510565162951535,0.30901699437494745,404,773
620,0.30901699437494745,0.9510565162951535,16735,72,1,0.9510565162951535,0.30901699437494745,405,773
621,0.30901699437494745,0.9510565162951535,15919,72,1,0.9510565162951535,0.30901699437494745,406,774
622,0.29237170472273677,0.9563047559630354,17287,73,1,0.9563047559630354,0.29237170472273677,407,774
623,0.29237170472273677,0.9563047559630354,17279,73,1,0.9563047559630354,0.29237170472273677,408,775
624,0.29237170472273677,0.9563047559630354,17594,73,1,0.9563047559630354,0.29237170472273677,410,775
625,0.29237170472273677,0.9563047559630354,17752,73,1,0.9563047559630354,0.29237170472273677,411,775
626,0.29237170472273677,0.9563047559630354,17750,73,1,0.9563047559630354,0.29237170472273677,412,776
627,0.29237170472273677,0.9563047559630354,17093,73,1,0.9563047559630354,0.29237170472273677,413,776
628,0.29237170472273677,0.9563047559630354,17072,73,1,0.9563047559630354,0.29237170472273677,414,776
629,0.29237170472273677,0.9563047559630354,16735,73,1,0.9563047559630354,0.29237170472273677,416,777
630,0.27563735581699916,0.9612616959383189,15595,74,1,0.9612616959383189,0.27563735581699916,417,777
631,0.27563735581699916,0.9612616959383189,14707,74,1,0.9612616959383189,0.27563735581699916,418,777
632,0.27563735581699916,0.9612616959383189,13548,74,1,0.9612616959383189,0.27563735581699916,419,778
633,0.27563735581699916,0.9612616959383189,12473,74,1,0.9612616959383189,0.27563735581699916,421,778
634,0.27563735581699916,0.9612616959383189,12196,74,1,0.9612616959383189,0.27563735581699916,422,778
635,0.27563735581699916,0.9612616959383189,11855,74,1,0.9612616959383189,0.27563735581699916,423,779
636,0.25881904510252074,0.9659258262890683,11705,75,1,0.9659258262890683,0.25881904510252074,424,779
637,0.25881904510252074,0.9659258262890683,11445,75,1,0.9659258262890683,0.25881904510252074,425,779
638,0.25881904510252074,0.9659258262890683,12055,75,1,0.9659258262890683,0.25881904510252074,427,780
639,0.25881904510252074,0.9659258262890683,12765,75,1,0.9659258262890683,0.25881904510252074,428,780
640,0.25881904510252074,0.9659258262890683,13182,75,1,0.9659258262890683,0.25881904510252074,429,780
641,0.25881904510252074,0.9659258262890683,14158,75,1,0.9659258262890683,0.25881904510252074,430,781
642,0.24192189559966767,0.9702957262759965,14051,76,1,0.9702957262759965,0.24192189559966767,431,781
643,0.24192189559966767,0.9702957262759965,15506,76,1,0.9702957262759965,0.24192189559966767,433,781
644,0.24192189559966767,0.9702957262759965,15842,76,1,0.9702957262759965,0.24192189559966767,434,782
645,0.24192189559966767,0.9702957262759965,16575,76,1,0.9702957262759965,0.24192189559966767,435,782
646,0.22495105434386492,0.9743700647852352,17082,77,1,0.9743700647852352,0.22495105434386492,436,782
647,0.22495105434386492,0.9743700647852352,16597,77,1,0.9743700647852352,0.22495105434386492,438,783
648,0.22495105434386492,0.9743700647852352,14939,77,1,0.9743700647852352,0.22495105434386492,439,783
649,0.22495105434386492,0.9743700647852352,13350,77,1,0.9743700647852352,0.22495105434386492,440,783
650,0.22495105434386492,0.9743700647852352,12063,77,1,0.9743700647852352,0.22495105434386492,441,783
651,0.22495105434386492,0.9743700647852352,10531,77,1,0.9743700647852352,0.22495105434386492,443,784
652,0.20791169081775945,0.9781476007338056,9846,78,1,0.9781476007338056,0.20791169081775945,444,784
653,0.20791169081775945,0.9781476007338056,9254,78,1,0.9781476007338056,0.20791169081775945,445,784
654,0.20791169081775945,0.9781476007338056,8710,78,1,0.9781476007338056,0.20791169081775945,446,784
655,0.20791169081775945,0.9781476007338056,8354,78,1,0.9781476007338056,0.20791169081775945,447,785
656,0.20791169081775945,0.9781476007338056,7579,78,1,0.9781476007338056,0.20791169081775945,449,785
657,0.19080899537654492,0.981627183447664,7476,79,1,0.981627183447664,0.19080899537654492,450,785
658,0.19080899537654492,0.981627183447664,7457,79,1,0.981627183447664,0.19080899537654492,451,785
659,0.19080899537654492,0.981627183447664,7482,79,1,0.981627183447664,0.19080899537654492,452,786
660,0.19080899537654492,0.981627183447664,7283,79,1,0.981627183447664,0.19080899537654492,454,786
661,0.17364817766693041,0.984807753012208,7105,80,1,0.984807753012208,0.17364817766693041,455,786
662,0.17364817766693041,0.984807753012208,7154,80,1,0.984807753012208,0.17364817766693041,456,786
663,0.17364817766693041,0.984807753012208,7345,80,1,0.984807753012208,0.17364817766693041,457,787
664,0.15643446504023092,0.9876883405951378,7152,81,1,0.9876883405951378,0.15643446504023092,459,787
665,0.15643446504023092,0.9876883405951378,7375,81,1,0.9876883405951378,0.15643446504023092,460,787
666,0.15643446504023092,0.9876883405951378,7149,81,1,0.9876883405951378,0.15643446504023092,461,787
667,0.15643446504023092,0.9876883405951378,7175,81,1,0.9876883405951378,0.15643446504023092,462,787
668,0.15643446504023092,0.9876883405951378,7026,81,1,0.9876883405951378,0.15643446504023092,464,788
669,0.13917310096006547,0.9902680687415704,6920,82,1,0.9902680687415704,0.13917310096006547,465,788
670,0.13917310096006547,0.9902680687415704,6823,82,1,0.9902680687415704,0.13917310096006547,466,788
671,0.13917310096006547,0.9902680687415704,6740,82,1,0.9902680687415704,0.13917310096006547,467,788
672,0.12186934340514749,0.992546151641322,6555,83,1,0.992546151641322,0.12186934340514749,469,788
673,0.12186934340514749,0.992546151641322,6342,83,1,0.992546151641322,0.12186934340514749,470,788
674,0.12186934340514749,0.992546151641322,6203,83,1,0.992546151641322,0.12186934340514749,471,789
675,0.12186934340514749,0.992546151641322,6089,83,1,0.992546151641322,0.12186934340514749,472,789
676,0.10452846326765346,0.9945218953682733,5785,84,1,0.9945218953682733,0.10452846326765346,474,789
677,0.10452846326765346,0.9945218953682733,5728,84,1,0.9945218953682733,0.10452846326765346,475,789
678,0.10452846326765346,0.9945218953682733,5632,84,1,0.9945218953682733,0.10452846326765346,476,789
679,0.08715574274765814,0.9961946980917455,5562,85,1,0.9961946980917455,0.08715574274765814,477,789
680,0.08715574274765814,0.9961946980917455,5848,85,1,0.9961946980917455,0.08715574274765814,479,789
681,0.08715574274765814,0.9961946980917455,6076,85,1,0.9961946980917455,0.08715574274765814,480,789
682,0.06975647374412523,0.9975640502598242,6214,86,1,0.9975640502598242,0.06975647374412523,481,790
683,0.06975647374412523,0.9975640502598242,6357,86,1,0.9975640502598242,0.06975647374412523,482,790
684,0.06975647374412523,0.9975640502598242,6369,86,1,0.9975640502598242,0.06975647374412523,484,790
685,0.052335956242943966,0.9986295347545738,6501,87,1,0.9986295347545738,0.052335956242943966,485,790
686,0.052335956242943966,0.9986295347545738,6621,87,1,0.9986295347545738,0.052335956242943966,486,790
687,0.03489949670250108,0.9993908270190958,6448,88,1,0.9993908270190958,0.03489949670250108,487,790
688,0.03489949670250108,0.9993908270190958,6716,88,1,0.9993908270190958,0.03489949670250108,489,790
689,0.03489949670250108,0.9993908270190958,6838,88,1,0.9993908270190958,0.03489949670250108,490,790
690,0.0174524064372836,0.9998476951563913,6877,89,1,0.9998476951563913,0.0174524064372836,491,790
691,6.123233995736766e-17,1.0,6935,90,1,1.0,6.123233995736766e-17,492,790
692,6.123233995736766e-17,1.0,7344,90,1,1.0,6.123233995736766e-17,494,790
693,6.123233995736766e-17,1.0,7544,90,1,1.0,6.123233995736766e-17,495,790
694,-0.017452406437283477,0.9998476951563913,7553,91,1,0.9998476951563913,-0.017452406437283477,496,790
695,-0.017452406437283477,0.9998476951563913,7358,91,1,0.9998476951563913,-0.017452406437283477,497,790
696,-0.034899496702500955,0.9993908270190958,7262,92,1,0.9993908270190958,-0.034899496702500955,499,790
697,-0.05233595624294384,0.9986295347545738,7317,93,1,0.9986295347545738,-0.05233595624294384,500,790
698,-0.05233595624294384,0.9986295347545738,7421,93,1,0.9986295347545738,-0.05233595624294384,501,790
699,-0.06975647374412533,0.9975640502598242,7628,94,1,0.9975640502598242,-0.06975647374412533,503,790
700,-0.06975647374412533,0.9975640502598242,7729,94,1,0.9975640502598242,-0.06975647374412533,504,790
701,-0.06975647374412533,0.9975640502598242,7715,94,1,0.9975640502598242,-0.06975647374412533,505,790
702,-0.08715574274765824,0.9961946980917455,7739,95,1,0.9961946980917455,-0.08715574274765824,506,789
703,-0.10452846326765355,0.9945218953682733,8134,96,1,0.9945218953682733,-0.10452846326765355,508,789
704,-0.10452846326765355,0.9945218953682733,8177,96,1,0.9945218953682733,-0.10452846326765355,509,789
705,-0.13917310096006535,0.9902680687415704,8067,98,1,0.9902680687415704,-0.13917310096006535,510,789
706,-0.1564344650402308,0.9876883405951378,8096,99,1,0.9876883405951378,-0.1564344650402308,511,789
707,-0.1564344650402308,0.9876883405951378,8305,99,1,0.9876883405951378,-0.1564344650402308,513,789
708,-0.1736481776669303,0.984807753012208,8396,100,1,0.984807753012208,-0.1736481776669303,514,788
709,-0.1908089953765448,0.981627183447664,8448,101,1,0.981627183447664,-0.1908089953765448,515,788
710,-0.1908089953765448,0.981627183447664,8426,101,1,0.981627183447664,-0.1908089953765448,516,788
711,-0.22495105434386503,0.9743700647852352,8546,103,1,0.9743700647852352,-0.22495105434386503,517,788
712,-0.24192189559966779,0.9702957262759965,8509,104,1,0.9702957262759965,-0.24192189559966779,519,787
713,-0.24192189559966779,0.9702957262759965,8423,104,1,0.9702957262759965,-0.24192189559966779,520,787
714,-0.27563735581699905,0.9612616959383189,8313,106,1,0.9612616959383189,-0.27563735581699905,521,787
715,-0.30901699437494734,0.9510565162951536,8327,108,1,0.9510565162951536,-0.30901699437494734,522,786
716,-0.30901699437494734,0.9510565162951536,8430,108,1,0.9510565162951536,-0.30901699437494734,524,786
717,-0.32556815445715664,0.9455185755993168,8377,109,1,0.9455185755993168,-0.32556815445715664,525,785
718,-0.35836794954530027,0.9335804264972017,8135,111,1,0.9335804264972017,-0.35836794954530027,526,785
719,-0.35836794954530027,0.9335804264972017,7971,111,1,0.9335804264972017,-0.35836794954530027,527,785
720,-0.40673664307580026,0.9135454576426009,7995,114,1,0.9135454576426009,-0.40673664307580026,528,784
721,-0.4383711467890775,0.8987940462991669,7987,116,1,0.8987940462991669,-0.4383711467890775,529,784
722,-0.4383711467890775,0.8987940462991669,8099,116,1,0.8987940462991669,-0.4383711467890775,530,783
723,-0.484809620246337,0.8746197071393959,7844,119,1,0.8746197071393959,-0.484809620246337,532,782
724,-0.5150380749100543,0.8571673007021123,7687,121,1,0.8571673007021123,-0.5150380749100543,533,782
725,-0.5150380749100543,0.8571673007021123,7544,121,1,0.8571673007021123,-0.5150380749100543,534,781
726,-0.5735764363510462,0.8191520442889917,7187,125,1,0.8191520442889917,-0.5735764363510462,535,780
727,-0.6156614753256583,0.788010753606722,7229,128,1,0.788010753606722,-0.6156614753256583,536,780
728,-0.6156614753256583,0.788010753606722,7399,128,1,0.788010753606722,-0.6156614753256583,537,779
729,-0.6560590289905072,0.7547095802227721,7684,131,1,0.7547095802227721,-0.6560590289905072,538,778
730,-0.7071067811865475,0.7071067811865476,7776,135,1,0.7071067811865476,-0.7071067811865475,539,777
731,-0.7071067811865475,0.7071067811865476,7873,135,1,0.7071067811865476,-0.7071067811865475,539,776
732,-0.7071067811865475,0.7071067811865476,8017,135,1,0.7071067811865476,-0.7071067811865475,540,775
733,-0.7071067811865475,0.7071067811865476,7821,135,1,0.7071067811865476,-0.7071067811865475,541,774
734,-0.7071067811865475,0.7071067811865476,7958,135,1,0.7071067811865476,-0.7071067811865475,542,773
735,-0.7193398003386513,0.6946583704589971,8152,136,1,0.6946583704589971,-0.7193398003386513,543,773
736,-0.7193398003386513,0.6946583704589971,8050,136,1,0.6946583704589971,-0.7193398003386513,544,772
737,-0.7193398003386513,0.6946583704589971,8060,136,1,0.6946583704589971,-0.7193398003386513,545,771
738,-0.7193398003386513,0.6946583704589971,8324,136,1,0.6946583704589971,-0.7193398003386513,546,770
739,-0.7193398003386513,0.6946583704589971,8106,136,1,0.6946583704589971,-0.7193398003386513,546,769
740,-0.7193398003386513,0.6946583704589971,8112,136,1,0.6946583704589971,-0.7193398003386513,547,768
741,-0.7313537016191705,0.6819983600624985,8034,137,1,0.6819983600624985,-0.7313537016191705,548,767
742,-0.7313537016191705,0.6819983600624985,8022,137,1,0.6819983600624985,-0.7313537016191705,549,766
743,-0.7313537016191705,0.6819983600624985,7973,137,1,0.6819983600624985,-0.7313537016191705,550,765
744,-0.7313537016191705,0.6819983600624985,7917,137,1,0.6819983600624985,-0.7313537016191705,551,764
745,-0.7313537016191705,0.6819983600624985,7809,137,1,0.6819983600624985,-0.7313537016191705,552,763
746,-0.7313537016191705,0.6819983600624985,7769,137,1,0.6819983600624985,-0.7313537016191705,552,763
747,-0.7313537016191705,0.6819983600624985,7595,137,1,0.6819983600624985,-0.7313537016191705,553,762
748,-0.7431448254773941,0.6691306063588583,7720,138,1,0.6691306063588583,-0.7431448254773941,554,761
749,-0.7431448254773941,0.6691306063588583,8432,138,1,0.6691306063588583,-0.7431448254773941,555,760
750,-0.7431448254773941,0.6691306063588583,8379,138,1,0.6691306063588583,-0.7431448254773941,556,759
751,-0.7431448254773941,0.6691306063588583,8052,138,1,0.6691306063588583,-0.7431448254773941,557,758
752,-0.7431448254773941,0.6691306063588583,8136,138,1,0.6691306063588583,-0.7431448254773941,558,757
753,-0.7431448254773941,0.6691306063588583,8139,138,1,0.6691306063588583,-0.7431448254773941,558,756
754,-0.754709580222772,0.6560590289905073,8144,139,1,0.6560590289905073,-0.754709580222772,559,755
755,-0.754709580222772,0.6560590289905073,8387,139,1,0.6560590289905073,-0.754709580222772,560,754
756,-0.754709580222772,0.6560590289905073,8393,139,1,0.6560590289905073,-0.754709580222772,561,753
757,-0.754709580222772,0.6560590289905073,8190,139,1,0.6560590289905073,-0.754709580222772,562,752
758,-0.754709580222772,0.6560590289905073,8307,139,1,0.6560590289905073,-0.754709580222772,563,751
759,-0.754709580222772,0.6560590289905073,8385,139,1,0.6560590289905073,-0.754709580222772,563,750
760,-0.754709580222772,0.6560590289905073,8369,139,1,0.6560590289905073,-0.754709580222772,564,749
761,-0.754709580222772,0.6560590289905073,8349,139,1,0.6560590289905073,-0.754709580222772,565,748
762,-0.754709580222772,0.6560590289905073,8253,139,1,0.6560590289905073,-0.754709580222772,566,747
763,-0.7660444431189779,0.6427876096865395,8199,140,1,0.6427876096865395,-0.7660444431189779,567,746
764,-0.7660444431189779,0.6427876096865395,8177,140,1,0.6427876096865395,-0.7660444431189779,567,746
765,-0.7660444431189779,0.6427876096865395,8146,140,1,0.6427876096865395,-0.7660444431189779,568,745
766,-0.7660444431189779,0.6427876096865395,8105,140,1,0.6427876096865395,-0.7660444431189779,569,744
767,-0.7660444431189779,0.6427876096865395,8028,140,1,0.6427876096865395,-0.7660444431189779,570,743
768,-0.7660444431189779,0.6427876096865395,7634,140,1,0.6427876096865395,-0.7660444431189779,571,742
769,-0.7660444431189779,0.6427876096865395,7649,140,1,0.6427876096865395,-0.7660444431189779,571,741
770,-0.7660444431189779,0.6427876096865395,7482,140,1,0.6427876096865395,-0.7660444431189779,572,740
771,-0.7771459614569709,0.6293203910498374,7670,141,1,0.6293203910498374,-0.7771459614569709,573,739
772,-0.7771459614569709,0.6293203910498374,7827,141,1,0.6293203910498374,-0.7771459614569709,574,738
773,-0.7771459614569709,0.6293203910498374,7738,141,0,0.0,-0.0,575,737
774,-0.7771459614569709,0.6293203910498374,7712,141,0,0.0,-0.0,575,736
775,-0.7771459614569709,0.6293203910498374,7992,141,0,0.0,-0.0,576,735
776,-0.7771459614569709,0.6293203910498374,7934,141,0,0.0,-0.0,577,734
777,-0.7771459614569709,0.6293203910498374,7836,141,0,0.0,-0.0,578,733
778,-0.7771459614569709,0.6293203910498374,7936,141,0,0.0,-0.0,579,732
779,-0.7771459614569709,0.6293203910498374,8057,141,0,0.0,-0.0,579,731
780,-0.7880107536067219,0.6156614753256584,8229,142,0,0.0,-0.0,580,730
781,-0.7880107536067219,0.6156614753256584,8446,142,0,0.0,-0.0,581,729
782,-0.7880107536067219,0.6156614753256584,8670,142,0,0.0,-0.0,582,728
783,-0.7880107536067219,0.6156614753256584,8924,142,0,0.0,-0.0,583,727
784,-0.7880107536067219,0.6156614753256584,9011,142,0,0.0,-0.0,583,726
785,-0.7880107536067219,0.6156614753256584,8797,142,0,0.0,-0.0,584,725
786,-0.7880107536067219,0.6156614753256584,9434,142,0,0.0,-0.0,585,724
787,-0.7880107536067219,0.6156614753256584,9962,142,0,0.0,-0.0,586,723
788,-0.7880107536067219,0.6156614753256584,9939,142,0,0.0,-0.0,586,722
789,-0.7986355100472929,0.6018150231520482,10560,143,0,0.0,-0.0,587,721
790,-0.7986355100472929,0.6018150231520482,9899,143,0,0.0,-0.0,588,720
791,-0.7986355100472929,0.6018150231520482,8822,143,0,0.0,-0.0,589,719
792,-0.7986355100472929,0.6018150231520482,8560,143,0,0.0,-0.0,589,718
793,-0.7986355100472929,0.6018150231520482,8424,143,0,0.0,-0.0,590,717
794,-0.7986355100472929,0.6018150231520482,8272,143,0,0.0,-0.0,591,716
795,-0.7986355100472929,0.6018150231520482,8417,143,0,0.0,-0.0,592,715
796,-0.7986355100472929,0.6018150231520482,8391,143,0,0.0,-0.0,592,714
797,-0.7986355100472929,0.6018150231520482,8126,143,0,0.0,-0.0,593,713
798,-0.8090169943749473,0.5877852522924732,8007,144,0,0.0,-0.0,594,712
799,-0.8090169943749473,0.5877852522924732,7600,144,0,0.0,-0.0,595,711
800,-0.8090169943749473,0.5877852522924732,7631,144,0,0.0,-0.0,595,710
801,-0.8090169943749473,0.5877852522924732,7621,144,0,0.0,-0.0,596,709
802,-0.8090169943749473,0.5877852522924732,7478,144,0,0.0,-0.0,597,708
803,-0.8090169943749473,0.5877852522924732,7164,144,0,0.0,-0.0,598,707
804,-0.8090169943749473,0.5877852522924732,7159,144,0,0.0,-0.0,598,706
805,-0.8090169943749473,0.5877852522924732,7058,144,0,0.0,-0.0,599,705
806,-0.8090169943749473,0.5877852522924732,6552,144,0,0.0,-0.0,600,704
807,-0.8191520442889919,0.5735764363510459,6783,145,0,0.0,-0.0,601,703
808,-0.8191520442889919,0.5735764363510459,7104,145,0,0.0,-0.0,601,702
809,-0.8191520442889919,0.5735764363510459,7103,145,0,0.0,-0.0,602,701
810,-0.8191520442889919,0.5735764363510459,7179,145,0,0.0,-0.0,603,700
811,-0.8191520442889919,0.5735764363510459,7190,145,0,0.0,-0.0,603,699
812,-0.8191520442889919,0.5735764363510459,7199,145,0,0.0,-0.0,604,698
813,-0.8191520442889919,0.5735764363510459,7532,145,0,0.0,-0.0,605,697
814,-0.8191520442889919,0.5735764363510459,7596,145,0,0.0,-0.0,606,696
815,-0.8191520442889919,0.5735764363510459,7566,145,0,0.0,-0.0,606,695
816,-0.8191520442889919,0.5735764363510459,7660,145,0,0.0,-0.0,607,693
817,-0.8191520442889919,0.5735764363510459,8450,145,0,0.0,-0.0,608,692
818,-0.8191520442889919,0.5735764363510459,8123,145,0,0.0,-0.0,608,691
819,-0.8290375725550416,0.5591929034707469,7615,146,0,0.0,-0.0,610,689
820,-0.8290375725550416,0.5591929034707469,7804,146,0,0.0,-0.0,611,687
821,-0.8290375725550416,0.5591929034707469,8226,146,0,0.0,-0.0,613,685
822,-0.8290375725550416,0.5591929034707469,8038,146,0,0.0,-0.0,614,683
823,-0.8290375725550416,0.5591929034707469,8056,146,0,0.0,-0.0,615,681
824,-0.8386705679454239,0.5446390350150273,8093,147,0,0.0,-0.0,616,680
825,-0.8386705679454239,0.5446390350150273,7993,147,0,0.0,-0.0,617,679
826,-0.8386705679454239,0.5446390350150273,8037,147,0,0.0,-0.0,618,678
827,-0.8386705679454239,0.5446390350150273,7978,147,0,0.0,-0.0,618,677
828,-0.8386705679454239,0.5446390350150273,7737,147,0,0.0,-0.0,619,676
829,-0.8386705679454239,0.5446390350150273,7794,147,0,0.0,-0.0,620,675
830,-0.8386705679454239,0.5446390350150273,7842,147,0,0.0,-0.0,620,674
831,-0.8386705679454239,0.5446390350150273,8000,147,0,0.0,-0.0,621,673
832,-0.8386705679454239,0.5446390350150273,8243,147,0,0.0,-0.0,622,672
833,-0.8386705679454239,0.5446390350150273,8107,147,0,0.0,-0.0,622,670
834,-0.8386705679454239,0.5446390350150273,8267,147,0,0.0,-0.0,623,669
835,-0.8386705679454239,0.5446390350150273,8311,147,0,0.0,-0.0,624,668
836,-0.848048096156426,0.5299192642332049,9098,148,0,0.0,-0.0,625,666
837,-0.848048096156426,0.5299192642332049,8518,148,0,0.0,-0.0,626,664
838,-0.848048096156426,0.5299192642332049,8700,148,0,0.0,-0.0,628,662
839,-0.848048096156426,0.5299192642332049,8691,148,0,0.0,-0.0,629,660
840,-0.848048096156426,0.5299192642332049,8639,148,0,0.0,-0.0,630,658
841,-0.848048096156426,0.5299192642332049,8265,148,0,0.0,-0.0,632,656
842,-0.848048096156426,0.5299192642332049,7965,148,0,0.0,-0.0,633,653
843,-0.8571673007021122,0.5150380749100544,8147,149,0,0.0,-0.0,635,650
844,-0.8571673007021122,0.5150380749100544,7964,149,0,0.0,-0.0,637,647
845,-0.8571673007021122,0.5150380749100544,8201,149,0,0.0,-0.0,639,644
846,-0.8571673007021122,0.5150380749100544,8200,149,0,0.0,-0.0,641,640
847,-0.8571673007021122,0.5150380749100544,8319,149,0,0.0,-0.0,643,637
848,-0.8660254037844387,0.49999999999999994,8291,150,0,0.0,-0.0,645,633
849,-0.8660254037844387,0.49999999999999994,8543,150,0,0.0,-0.0,648,629
850,-0.8660254037844387,0.49999999999999994,8739,150,0,0.0,-0.0,650,624
851,-0.8746197071393957,0.48480962024633717,9499,151,0,0.0,-0.0,653,620
852,-0.8746197071393957,0.48480962024633717,9940,151,0,0.0,-0.0,655,615
853,-0.8746197071393957,0.48480962024633717,10015,151,0,0.0,-0.0,658,611
854,-0.8746197071393957,0.48480962024633717,10273,151,0,0.0,-0.0,660,607
855,-0.8746197071393957,0.48480962024633717,9767,151,0,0.0,-0.0,662,602
856,-0.882947592858927,0.4694715627858907,9603,152,0,0.0,-0.0,665,598
857,-0.882947592858927,0.4694715627858907,9843,152,0,0.0,-0.0,667,593
858,-0.882947592858927,0.4694715627858907,9039,152,0,0.0,-0.0,670,589
859,-0.882947592858927,0.4694715627858907,9494,152,0,0.0,-0.0,672,584
860,-0.8910065241883678,0.45399049973954686,9190,153,0,0.0,-0.0,674,580
861,-0.8910065241883678,0.45399049973954686,9149,153,0,0.0,-0.0,677,575
862,-0.8910065241883678,0.45399049973954686,8979,153,0,0.0,-0.0,679,571
863,-0.8910065241883678,0.45399049973954686,8928,153,0,0.0,-0.0,681,566
864,-0.8910065241883678,0.45399049973954686,8955,153,0,0.0,-0.0,683,562
865,-0.898794046299167,0.4383711467890773,9143,154,0,0.0,-0.0,686,557
866,-0.898794046299167,0.4383711467890773,9176,154,0,0.0,-0.0,688,553
867,-0.898794046299167,0.4383711467890773,9666,154,0,0.0,-0.0,690,548
868,-0.898794046299167,0.4383711467890773,8852,154,0,0.0,-0.0,692,544
869,-0.898794046299167,0.4383711467890773,9222,154,0,0.0,-0.0,694,539
870,-0.9063077870366499,0.4226182617406995,11052,155,0,0.0,-0.0,697,535
871,-0.9063077870366499,0.4226182617406995,10106,155,0,0.0,-0.0,699,530
872,-0.9063077870366499,0.4226182617406995,10315,155,0,0.0,-0.0,701,526
873,-0.9063077870366499,0.4226182617406995,10138,155,0,0.0,-0.0,703,521
874,-0.9063077870366499,0.4226182617406995,10077,155,0,0.0,-0.0,705,517
875,-0.9063077870366499,0.4226182617406995,10051,155,0,0.0,-0.0,707,512
876,-0.9135454576426008,0.40673664307580043,9936,156,0,0.0,-0.0,709,507
877,-0.9135454576426008,0.40673664307580043,10365,156,0,0.0,-0.0,711,503
878,-0.9135454576426008,0.40673664307580043,10771,156,0,0.0,-0.0,713,498
879,-0.9135454576426008,0.40673664307580043,10585,156,0,0.0,-0.0,715,494
880,-0.9135454576426008,0.40673664307580043,12370,156,0,0.0,-0.0,717,489
881,-0.9135454576426008,0.40673664307580043,11100,156,0,0.0,-0.0,719,484
882,-0.9135454576426008,0.40673664307580043,10434,156,0,0.0,-0.0,721,480
883,-0.9205048534524404,0.39073112848927377,10644,157,0,0.0,-0.0,723,475
884,-0.9205048534524404,0.39073112848927377,11732,157,0,0.0,-0.0,725,471
885,-0.9205048534524404,0.39073112848927377,11211,157,0,0.0,-0.0,727,466
886,-0.9205048534524404,0.39073112848927377,12033,157,0,0.0,-0.0,729,461
887,-0.9205048534524404,0.39073112848927377,11982,157,0,0.0,-0.0,731,457
888,-0.9205048534524404,0.39073112848927377,12618,157,0,0.0,-0.0,733,452
889,-0.9205048534524404,0.39073112848927377,12102,157,0,0.0,-0.0,735,447
890,-0.9205048534524404,0.39073112848927377,12260,157,0,0.0,-0.0,737,443
891,-0.9271838545667873,0.37460659341591224,12450,158,0,0.0,-0.0,739,438
892,-0.9271838545667873,0.37460659341591224,12399,158,0,0.0,-0.0,741,433
893,-0.9271838545667873,0.37460659341591224,12139,158,0,0.0,-0.0,743,429
894,-0.9271838545667873,0.37460659341591224,12222,158,0,0.0,-0.0,745,424
895,-0.9271838545667873,0.37460659341591224,11725,158,0,0.0,-0.0,747,419
896,-0.9271838545667873,0.37460659341591224,11935,158,0,0.0,-0.0,749,415
897,-0.9271838545667873,0.37460659341591224,11841,158,0,0.0,-0.0,750,410
898,-0.9271838545667873,0.37460659341591224,11764,158,0,0.0,-0.0,752,405
899,-0.9271838545667873,0.37460659341591224,11540,158,0,0.0,-0.0,754,401
900,-0.9335804264972017,0.3583679495453002,11223,159,0,0.0,-0.0,756,396
901,-0.9335804264972017,0.3583679495453002,11684,159,0,0.0,-0.0,758,391
902,-0.9335804264972017,0.3583679495453002,11467,159,0,0.0,-0.0,760,387
903,-0.9335804264972017,0.3583679495453002,11306,159,0,0.0,-0.0,761,382
904,-0.9335804264972017,0.3583679495453002,11091,159,0,0.0,-0.0,763,377
905,-0.9335804264972017,0.3583679495453002,11188,159,0,0.0,-0.0,765,373
906,-0.9335804264972017,0.3583679495453002,11647,159,0,0.0,-0.0,767,368
907,-0.9335804264972017,0.3583679495453002,11786,159,0,0.0,-0.0,769,363
908,-0.9335804264972017,0.3583679495453002,11677,159,0,0.0,-0.0,770,359
909,-0.9335804264972017,0.3583679495453002,11227,159,0,0.0,-0.0,772,354
910,-0.9396926207859083,0.3420201433256689,11219,160,0,0.0,-0.0,774,349
911,-0.9396926207859083,0.3420201433256689,11219,160,0,0.0,-0.0,776,344
912,-0.9396926207859083,0.3420201433256689,11691,160,0,0.0,-0.0,777,340
913,-0.9396926207859083,0.3420201433256689,11260,160,0,0.0,-0.0,779,335
914,-0.9396926207859083,0.3420201433256689,11334,160,0,0.0,-0.0,781,330
915,-0.9396926207859083,0.3420201433256689,11640,160,0,0.0,-0.0,783,325
916,-0.9396926207859083,0.3420201433256689,11888,160,0,0.0,-0.0,784,321
917,-0.9396926207859083,0.3420201433256689,12062,160,0,0.0,-0.0,786,316
918,-0.9396926207859083,0.3420201433256689,12149,160,0,0.0,-0.0,788,311
919,-0.9396926207859083,0.3420201433256689,12337,160,0,0.0,-0.0,789,307
920,-0.9396926207859083,0.3420201433256689,12623,160,0,0.0,-0.0,791,302
921,-0.9396926207859083,0.3420201433256689,12317,160,0,0.0,-0.0,793,297
922,-0.9396926207859083,0.3420201433256689,12358,160,0,0.0,-0.0,794,292
923,-0.9396926207859083,0.3420201433256689,13507,160,0,0.0,-0.0,796,288
924,-0.9455185755993168,0.3255681544571566,13231,161,0,0.0,-0.0,798,283
925,-0.9455185755993168,0.3255681544571566,11689,161,0,0.0,-0.0,800,278
926,-0.9455185755993168,0.3255681544571566,11911,161,0,0.0,-0.0,801,273
927,-0.9455185755993168,0.3255681544571566,11554,161,0,0.0,-0.0,803,269
928,-0.9455185755993168,0.3255681544571566,12792,161,0,0.0,-0.0,805,264
929,-0.9455185755993168,0.3255681544571566,12093,161,0,0.0,-0.0,806,259
930,-0.9455185755993168,0.3255681544571566,12391,161,0,0.0,-0.0,808,254
931,-0.9455185755993168,0.3255681544571566,12707,161,0,0.0,-0.0,809,250
932,-0.9455185755993168,0.3255681544571566,13399,161,0,0.0,-0.0,811,245
933,-0.9455185755993168,0.3255681544571566,17692,161,0,0.0,-0.0,813,240
934,-0.9455185755993168,0.3255681544571566,16637,161,0,0.0,-0.0,814,235
935,-0.9455185755993168,0.3255681544571566,14327,161,0,0.0,-0.0,816,231
936,-0.9455185755993168,0.3255681544571566,13419,161,0,0.0,-0.0,818,226
937,-0.9455185755993168,0.3255681544571566,12844,161,0,0.0,-0.0,819,221
938,-0.9455185755993168,0.3255681544571566,12679,161,0,0.0,-0.0,821,216
939,-0.9455185755993168,0.3255681544571566,12815,161,0,0.0,-0.0,822,212
940,-0.9455185755993168,0.3255681544571566,12358,161,0,0.0,-0.0,824,207
941,-0.9455185755993168,0.3255681544571566,12913,161,0,0.0,-0.0,826,202
942,-0.9455185755993168,0.3255681544571566,13393,161,0,0.0,-0.0,827,197
943,-0.9455185755993168,0.3255681544571566,13821,161,0,0.0,-0.0,829,192
944,-0.9455185755993168,0.3255681544571566,15052,161,0,0.0,-0.0,831,188
945,-0.9455185755993168,0.3255681544571566,13423,161,0,0.0,-0.0,832,183
946,-0.9455185755993168,0.3255681544571566,13234,161,0,0.0,-0.0,834,178
947,-0.9455185755993168,0.3255681544571566,12846,161,0,0.0,-0.0,835,173
948,-0.9455185755993168,0.3255681544571566,12755,161,0,0.0,-0.0,837,169
949,-0.9455185755993168,0.3255681544571566,13633,161,0,0.0,-0.0,838,164
950,-0.9510565162951535,0.3090169943749475,13304,162,0,0.0,-0.0,840,159
951,-0.9510565162951535,0.3090169943749475,13749,162,0,0.0,-0.0,842,154
952,-0.9510565162951535,0.3090169943749475,13853,162,0,0.0,-0.0,843,150
953,-0.9510565162951535,0.3090169943749475,13711,162,0,0.0,-0.0,845,145
954,-0.9510565162951535,0.3090169943749475,13990,162,0,0.0,-0.0,846,140
955,-0.9510565162951535,0.3090169943749475,13797,162,0,0.0,-0.0,848,135
956,-0.9510565162951535,0.3090169943749475,13815,162,0,0.0,-0.0,850,130
957,-0.9455185755993168,0.3255681544571566,13986,161,0,0.0,-0.0,851,126
958,-0.9455185755993168,0.3255681544571566,14054,161,0,0.0,-0.0,853,121
959,-0.9455185755993168,0.3255681544571566,14084,161,0,0.0,-0.0,854,116
960,-0.9455185755993168,0.3255681544571566,14270,161,0,0.0,-0.0,856,111
961,-0.9455185755993168,0.3255681544571566,14916,161,0,0.0,-0.0,858,107
962,-0.9455185755993168,0.3255681544571566,15344,161,0,0.0,-0.0,859,102
963,-0.9455185755993168,0.3255681544571566,15060,161,0,0.0,-0.0,861,97
964,-0.9455185755993168,0.3255681544571566,16515,161,0,0.0,-0.0,862,92
965,-0.9455185755993168,0.3255681544571566,21132,161,0,0.0,-0.0,864,88
966,-0.9455185755993168,0.3255681544571566,23638,161,0,0.0,-0.0,866,83
